"0","set.seed(52)"
"0","# To put 60% into training, 20% in validation, and 20% in testing:"
"0","ames_val_split <- initial_validation_split(ames, prop = c(0.6, 0.2))"
"0","ames_val_split"
"1","<Training/Validation/Testing/Total>
"
"1","<"
"1",""
"1","1758"
"1",""
"1","/"
"1",""
"1","586"
"1",""
"1","/"
"1",""
"1","586"
"1",""
"1","/"
"1",""
"1","2930"
"1",""
"1",">
"
"0","ames_val_split <- initial_validation_split(ames, prop = c(0.6, 0.2), strata = Sale_Price)"
"0","ames_val_split"
"1","<Training/Validation/Testing/Total>
"
"1","<"
"1",""
"1","1756"
"1",""
"1","/"
"1",""
"1","587"
"1",""
"1","/"
"1",""
"1","587"
"1",""
"1","/"
"1",""
"1","2930"
"1",""
"1",">
"
