"0","av_capture_graphics("
"0","  sa_2d_plot(svm_sa, result_history, svm_large),"
"0","  output = ""sa_search.mp4"","
"0","  width = 720,"
"0","  height = 720,"
"0","  res = 120,"
"0","  vfilter = 'framerate=fps=10', "
"0","  framerate = 1/3"
"0",")"
"2","time base:1/1000 -> 1/1000 exact:1
"
"2","fps -> fps:10/1 scene score:8.200000 interpolate start:15 end:240
"
"2","using cpu capabilities: MMX2 SSE2Fast SSSE3 SSE4.2 AVX FMA3 BMI2 AVX2 AVX512
"
"2","profile High, level 5.2, 4:2:0, 8-bit
"
"2","264 - core 164 r3107M a8b68eb - H.264/MPEG-4 AVC codec - Copyleft 2003-2023 - http://www.videolan.org/x264.html - options: cabac=1 ref=3 deblock=1:0:0 analyse=0x3:0x113 me=hex subme=7 psy=1 psy_rd=1.00:0.00 mixed_ref=1 me_range=16 chroma_me=1 trellis=1 8x8dct=1 cqm=0 deadzone=21,11 fast_pskip=1 chroma_qp_offset=-2 threads=22 lookahead_threads=3 sliced_threads=0 nr=0 decimate=1 interlaced=0 bluray_compat=0 constrained_intra=0 bframes=3 b_pyramid=2 b_adapt=1 b_bias=0 direct=1 weightb=1 open_gop=0 weightp=2 keyint=250 keyint_min=25 scenecut=40 intra_refresh=0 rc_lookahead=40 rc=crf mbtree=1 crf=23.0 qcomp=0.60 qpmin=0 qpmax=69 qpstep=4 ip_ratio=1.40 aq=1:1.00
"
"2","Output #0, mp4, to 'D:\Oldroyd_lab\GitHub\Tidy_Modeling\sa_search.mp4':
"
"2","  Metadata:
"
"2","    encoder         : "
"2","Lavf60.3.100"
"2","
"
"2","  Stream #0:0"
"2",": Video: h264 (avc1 / 0x31637661), yuv420p, 720x720, q=2-31"
"2",", "
"2","90k tbn"
"2","
"
"2","Adding frame 1 at timestamp 0.00sec (6%)"
"2","Adding frame 2 at timestamp 0.40sec (6%)"
"2","Adding frame 3 at timestamp 0.20sec (6%)"
"2","Adding frame 4 at timestamp 0.10sec (6%)"
"2","Adding frame 5 at timestamp 0.30sec (6%)"
"2","Adding frame 6 at timestamp 0.80sec (6%)"
"2","Adding frame 7 at timestamp 0.60sec (6%)"
"2","Adding frame 8 at timestamp 0.50sec (6%)"
"2","Adding frame 9 at timestamp 0.70sec (6%)"
"2","Adding frame 10 at timestamp 1.20sec (6%)"
"2","Adding frame 11 at timestamp 1.00sec (6%)"
"2","Adding frame 12 at timestamp 0.90sec (6%)"
"2","Adding frame 13 at timestamp 1.10sec (6%)"
"2","Adding frame 14 at timestamp 1.60sec (6%)"
"2","Adding frame 15 at timestamp 1.40sec (6%)"
"2","Adding frame 16 at timestamp 1.30sec (6%)"
"2","Adding frame 17 at timestamp 1.50sec (6%)"
"2","Adding frame 18 at timestamp 2.00sec (6%)"
"2","Adding frame 19 at timestamp 1.80sec (6%)"
"2","Adding frame 20 at timestamp 1.70sec (6%)"
"2","Adding frame 21 at timestamp 1.90sec (6%)"
"2","Adding frame 22 at timestamp 2.40sec (6%)"
"2","Adding frame 23 at timestamp 2.20sec (6%)"
"2","Adding frame 24 at timestamp 2.10sec (6%)"
"2","Adding frame 25 at timestamp 2.30sec (8%)"
"2","Adding frame 26 at timestamp 2.80sec (8%)"
"2","Adding frame 27 at timestamp 2.60sec (8%)"
"2","Adding frame 28 at timestamp 2.50sec (8%)"
"2","Adding frame 29 at timestamp 2.70sec (8%)"
"2","Adding frame 30 at timestamp 3.20sec (8%)"
"2","Adding frame 31 at timestamp 3.00sec (8%)"
"2","Adding frame 32 at timestamp 2.90sec (8%)"
"2","Adding frame 33 at timestamp 3.10sec (8%)"
"2","Adding frame 34 at timestamp 3.60sec (8%)"
"2","Adding frame 35 at timestamp 3.40sec (8%)"
"2","Adding frame 36 at timestamp 3.30sec (8%)"
"2","Adding frame 37 at timestamp 3.50sec (8%)"
"2","Adding frame 38 at timestamp 4.00sec (8%)"
"2","Adding frame 39 at timestamp 3.80sec (8%)"
"2","Adding frame 40 at timestamp 3.70sec (8%)"
"2","Adding frame 41 at timestamp 3.90sec (8%)"
"2","Adding frame 42 at timestamp 4.40sec (8%)"
"2","Adding frame 43 at timestamp 4.20sec (8%)"
"2","Adding frame 44 at timestamp 4.10sec (8%)"
"2","Adding frame 45 at timestamp 4.30sec (8%)"
"2","Adding frame 46 at timestamp 4.80sec (8%)"
"2","Adding frame 47 at timestamp 4.60sec (8%)"
"2","Adding frame 48 at timestamp 4.50sec (8%)"
"2","Adding frame 49 at timestamp 4.70sec (8%)"
"2","Adding frame 50 at timestamp 5.20sec (8%)"
"2","Adding frame 51 at timestamp 5.00sec (8%)"
"2","Adding frame 52 at timestamp 4.90sec (8%)"
"2","Adding frame 53 at timestamp 5.10sec (8%)"
"2","Adding frame 54 at timestamp 5.60sec (8%)"
"2","Adding frame 55 at timestamp 5.40sec (10%)"
"2","Adding frame 56 at timestamp 5.30sec (10%)"
"2","Adding frame 57 at timestamp 5.50sec (10%)"
"2","Adding frame 58 at timestamp 6.00sec (10%)"
"2","Adding frame 59 at timestamp 5.80sec (10%)"
"2","Adding frame 60 at timestamp 5.70sec (10%)"
"2","Adding frame 61 at timestamp 5.90sec (10%)"
"2","Adding frame 62 at timestamp 6.40sec (10%)"
"2","Adding frame 63 at timestamp 6.20sec (10%)"
"2","Adding frame 64 at timestamp 6.10sec (10%)"
"2","Adding frame 65 at timestamp 6.30sec (10%)"
"2","Adding frame 66 at timestamp 6.80sec (10%)"
"2","Adding frame 67 at timestamp 6.60sec (10%)"
"2","Adding frame 68 at timestamp 6.50sec (10%)"
"2","Adding frame 69 at timestamp 6.70sec (10%)"
"2","Adding frame 70 at timestamp 7.20sec (10%)"
"2","Adding frame 71 at timestamp 7.00sec (10%)"
"2","Adding frame 72 at timestamp 6.90sec (10%)"
"2","Adding frame 73 at timestamp 7.10sec (10%)"
"2","Adding frame 74 at timestamp 7.60sec (10%)"
"2","Adding frame 75 at timestamp 7.40sec (10%)"
"2","Adding frame 76 at timestamp 7.30sec (10%)"
"2","Adding frame 77 at timestamp 7.50sec (10%)"
"2","Adding frame 78 at timestamp 8.00sec (10%)"
"2","Adding frame 79 at timestamp 7.80sec (10%)"
"2","Adding frame 80 at timestamp 7.70sec (10%)"
"2","Adding frame 81 at timestamp 7.90sec (10%)"
"2","Adding frame 82 at timestamp 8.40sec (10%)"
"2","Adding frame 83 at timestamp 8.20sec (10%)"
"2","Adding frame 84 at timestamp 8.10sec (10%)"
"2","Adding frame 85 at timestamp 8.30sec (12%)"
"2","Adding frame 86 at timestamp 8.80sec (12%)"
"2","Adding frame 87 at timestamp 8.60sec (12%)"
"2","Adding frame 88 at timestamp 8.50sec (12%)"
"2","Adding frame 89 at timestamp 8.70sec (12%)"
"2","Adding frame 90 at timestamp 9.20sec (12%)"
"2","Adding frame 91 at timestamp 9.00sec (12%)"
"2","Adding frame 92 at timestamp 8.90sec (12%)"
"2","Adding frame 93 at timestamp 9.10sec (12%)"
"2","Adding frame 94 at timestamp 9.60sec (12%)"
"2","Adding frame 95 at timestamp 9.40sec (12%)"
"2","Adding frame 96 at timestamp 9.30sec (12%)"
"2","Adding frame 97 at timestamp 9.50sec (12%)"
"2","Adding frame 98 at timestamp 10.00sec (12%)"
"2","Adding frame 99 at timestamp 9.80sec (12%)"
"2","Adding frame 100 at timestamp 9.70sec (12%)"
"2","Adding frame 101 at timestamp 9.90sec (12%)"
"2","Adding frame 102 at timestamp 10.40sec (12%)"
"2","Adding frame 103 at timestamp 10.20sec (12%)"
"2","Adding frame 104 at timestamp 10.10sec (12%)"
"2","Adding frame 105 at timestamp 10.30sec (12%)"
"2","Adding frame 106 at timestamp 10.80sec (12%)"
"2","Adding frame 107 at timestamp 10.60sec (12%)"
"2","Adding frame 108 at timestamp 10.50sec (12%)"
"2","Adding frame 109 at timestamp 10.70sec (12%)"
"2","Adding frame 110 at timestamp 11.20sec (12%)"
"2","Adding frame 111 at timestamp 11.00sec (12%)"
"2","Adding frame 112 at timestamp 10.90sec (12%)"
"2","Adding frame 113 at timestamp 11.10sec (12%)"
"2","Adding frame 114 at timestamp 11.60sec (12%)"
"2","Adding frame 115 at timestamp 11.40sec (14%)"
"2","Adding frame 116 at timestamp 11.30sec (14%)"
"2","Adding frame 117 at timestamp 11.50sec (14%)"
"2","Adding frame 118 at timestamp 12.00sec (14%)"
"2","Adding frame 119 at timestamp 11.80sec (14%)"
"2","Adding frame 120 at timestamp 11.70sec (14%)"
"2","Adding frame 121 at timestamp 11.90sec (14%)"
"2","Adding frame 122 at timestamp 12.20sec (14%)"
"2","Adding frame 123 at timestamp 12.10sec (14%)"
"2","Adding frame 124 at timestamp 12.60sec (14%)"
"2","Adding frame 125 at timestamp 12.40sec (14%)"
"2","Adding frame 126 at timestamp 12.30sec (14%)"
"2","Adding frame 127 at timestamp 12.50sec (14%)"
"2","Adding frame 128 at timestamp 13.00sec (14%)"
"2","Adding frame 129 at timestamp 12.80sec (14%)"
"2","Adding frame 130 at timestamp 12.70sec (14%)"
"2","Adding frame 131 at timestamp 12.90sec (14%)"
"2","Adding frame 132 at timestamp 13.40sec (14%)"
"2","Adding frame 133 at timestamp 13.20sec (14%)"
"2","Adding frame 134 at timestamp 13.10sec (14%)"
"2","Adding frame 135 at timestamp 13.30sec (14%)"
"2","Adding frame 136 at timestamp 13.80sec (14%)"
"2","Adding frame 137 at timestamp 13.60sec (14%)"
"2","Adding frame 138 at timestamp 13.50sec (14%)"
"2","Adding frame 139 at timestamp 13.70sec (14%)"
"2","Adding frame 140 at timestamp 14.20sec (14%)"
"2","Adding frame 141 at timestamp 14.00sec (14%)"
"2","Adding frame 142 at timestamp 13.90sec (14%)"
"2","Adding frame 143 at timestamp 14.10sec (14%)"
"2","Adding frame 144 at timestamp 14.60sec (14%)"
"2","Adding frame 145 at timestamp 14.40sec (16%)"
"2","Adding frame 146 at timestamp 14.30sec (16%)"
"2","Adding frame 147 at timestamp 14.50sec (16%)"
"2","Adding frame 148 at timestamp 15.00sec (16%)"
"2","Adding frame 149 at timestamp 14.80sec (16%)"
"2","Adding frame 150 at timestamp 14.70sec (16%)"
"2","Adding frame 151 at timestamp 14.90sec (16%)"
"2","Adding frame 152 at timestamp 15.40sec (16%)"
"2","Adding frame 153 at timestamp 15.20sec (16%)"
"2","Adding frame 154 at timestamp 15.10sec (16%)"
"2","Adding frame 155 at timestamp 15.30sec (16%)"
"2","Adding frame 156 at timestamp 15.80sec (16%)"
"2","Adding frame 157 at timestamp 15.60sec (16%)"
"2","Adding frame 158 at timestamp 15.50sec (16%)"
"2","Adding frame 159 at timestamp 15.70sec (16%)"
"2","Adding frame 160 at timestamp 16.20sec (16%)"
"2","Adding frame 161 at timestamp 16.00sec (16%)"
"2","Adding frame 162 at timestamp 15.90sec (16%)"
"2","Adding frame 163 at timestamp 16.10sec (16%)"
"2","Adding frame 164 at timestamp 16.60sec (16%)"
"2","Adding frame 165 at timestamp 16.40sec (16%)"
"2","Adding frame 166 at timestamp 16.30sec (16%)"
"2","Adding frame 167 at timestamp 16.50sec (16%)"
"2","Adding frame 168 at timestamp 17.00sec (16%)"
"2","Adding frame 169 at timestamp 16.80sec (16%)"
"2","Adding frame 170 at timestamp 16.70sec (16%)"
"2","Adding frame 171 at timestamp 16.90sec (16%)"
"2","Adding frame 172 at timestamp 17.40sec (16%)"
"2","Adding frame 173 at timestamp 17.20sec (16%)"
"2","Adding frame 174 at timestamp 17.10sec (16%)"
"2","Adding frame 175 at timestamp 17.30sec (18%)"
"2","Adding frame 176 at timestamp 17.80sec (18%)"
"2","Adding frame 177 at timestamp 17.60sec (18%)"
"2","Adding frame 178 at timestamp 17.50sec (18%)"
"2","Adding frame 179 at timestamp 17.70sec (18%)"
"2","Adding frame 180 at timestamp 18.20sec (18%)"
"2","Adding frame 181 at timestamp 18.00sec (18%)"
"2","Adding frame 182 at timestamp 17.90sec (18%)"
"2","Adding frame 183 at timestamp 18.10sec (18%)"
"2","Adding frame 184 at timestamp 18.60sec (18%)"
"2","Adding frame 185 at timestamp 18.40sec (18%)"
"2","Adding frame 186 at timestamp 18.30sec (18%)"
"2","Adding frame 187 at timestamp 18.50sec (18%)"
"2","Adding frame 188 at timestamp 19.00sec (18%)"
"2","Adding frame 189 at timestamp 18.80sec (18%)"
"2","Adding frame 190 at timestamp 18.70sec (18%)"
"2","Adding frame 191 at timestamp 18.90sec (18%)"
"2","Adding frame 192 at timestamp 19.40sec (18%)"
"2","Adding frame 193 at timestamp 19.20sec (18%)"
"2","Adding frame 194 at timestamp 19.10sec (18%)"
"2","Adding frame 195 at timestamp 19.30sec (18%)"
"2","Adding frame 196 at timestamp 19.80sec (18%)"
"2","Adding frame 197 at timestamp 19.60sec (18%)"
"2","Adding frame 198 at timestamp 19.50sec (18%)"
"2","Adding frame 199 at timestamp 19.70sec (18%)"
"2","Adding frame 200 at timestamp 20.20sec (18%)"
"2","Adding frame 201 at timestamp 20.00sec (18%)"
"2","Adding frame 202 at timestamp 19.90sec (18%)"
"2","Adding frame 203 at timestamp 20.10sec (18%)"
"2","Adding frame 204 at timestamp 20.60sec (18%)"
"2","Adding frame 205 at timestamp 20.40sec (20%)"
"2","Adding frame 206 at timestamp 20.30sec (20%)"
"2","Adding frame 207 at timestamp 20.50sec (20%)"
"2","Adding frame 208 at timestamp 21.00sec (20%)"
"2","Adding frame 209 at timestamp 20.80sec (20%)"
"2","Adding frame 210 at timestamp 20.70sec (20%)"
"2","Adding frame 211 at timestamp 20.90sec (20%)"
"2","Adding frame 212 at timestamp 21.40sec (20%)"
"2","Adding frame 213 at timestamp 21.20sec (20%)"
"2","Adding frame 214 at timestamp 21.10sec (20%)"
"2","Adding frame 215 at timestamp 21.30sec (20%)"
"2","Adding frame 216 at timestamp 21.80sec (20%)"
"2","Adding frame 217 at timestamp 21.60sec (20%)"
"2","Adding frame 218 at timestamp 21.50sec (20%)"
"2","Adding frame 219 at timestamp 21.70sec (20%)"
"2","Adding frame 220 at timestamp 22.20sec (20%)"
"2","Adding frame 221 at timestamp 22.00sec (20%)"
"2","Adding frame 222 at timestamp 21.90sec (20%)"
"2","Adding frame 223 at timestamp 22.10sec (20%)"
"2","Adding frame 224 at timestamp 22.60sec (20%)"
"2","Adding frame 225 at timestamp 22.40sec (20%)"
"2","Adding frame 226 at timestamp 22.30sec (20%)"
"2","Adding frame 227 at timestamp 22.50sec (20%)"
"2","Adding frame 228 at timestamp 23.00sec (20%)"
"2","Adding frame 229 at timestamp 22.80sec (20%)"
"2","Adding frame 230 at timestamp 22.70sec (20%)"
"2","Adding frame 231 at timestamp 22.90sec (20%)"
"2","Adding frame 232 at timestamp 23.40sec (20%)"
"2","Adding frame 233 at timestamp 23.20sec (20%)"
"2","Adding frame 234 at timestamp 23.10sec (20%)"
"2","Adding frame 235 at timestamp 23.30sec (22%)"
"2","Adding frame 236 at timestamp 23.80sec (22%)"
"2","Adding frame 237 at timestamp 23.60sec (22%)"
"2","Adding frame 238 at timestamp 23.50sec (22%)"
"2","Adding frame 239 at timestamp 23.70sec (22%)"
"2","Adding frame 240 at timestamp 24.20sec (22%)"
"2","Adding frame 241 at timestamp 24.00sec (22%)"
"2","Adding frame 242 at timestamp 23.90sec (22%)"
"2","Adding frame 243 at timestamp 24.10sec (22%)"
"2","Adding frame 244 at timestamp 24.60sec (22%)"
"2","Adding frame 245 at timestamp 24.40sec (22%)"
"2","Adding frame 246 at timestamp 24.30sec (22%)"
"2","Adding frame 247 at timestamp 24.50sec (22%)"
"2","Adding frame 248 at timestamp 24.90sec (22%)"
"2","Adding frame 249 at timestamp 24.70sec (22%)"
"2","Adding frame 250 at timestamp 24.80sec (22%)"
"2","Adding frame 251 at timestamp 25.00sec (22%)"
"2","Adding frame 252 at timestamp 25.40sec (22%)"
"2","Adding frame 253 at timestamp 25.20sec (22%)"
"2","Adding frame 254 at timestamp 25.10sec (22%)"
"2","Adding frame 255 at timestamp 25.30sec (22%)"
"2","Adding frame 256 at timestamp 25.80sec (22%)"
"2","Adding frame 257 at timestamp 25.60sec (22%)"
"2","Adding frame 258 at timestamp 25.50sec (22%)"
"2","Adding frame 259 at timestamp 25.70sec (22%)"
"2","Adding frame 260 at timestamp 26.20sec (22%)"
"2","Adding frame 261 at timestamp 26.00sec (22%)"
"2","Adding frame 262 at timestamp 25.90sec (22%)"
"2","Adding frame 263 at timestamp 26.10sec (22%)"
"2","Adding frame 264 at timestamp 26.60sec (22%)"
"2","Adding frame 265 at timestamp 26.40sec (24%)"
"2","Adding frame 266 at timestamp 26.30sec (24%)"
"2","Adding frame 267 at timestamp 26.50sec (24%)"
"2","Adding frame 268 at timestamp 27.00sec (24%)"
"2","Adding frame 269 at timestamp 26.80sec (24%)"
"2","Adding frame 270 at timestamp 26.70sec (24%)"
"2","Adding frame 271 at timestamp 26.90sec (24%)"
"2","Adding frame 272 at timestamp 27.40sec (24%)"
"2","Adding frame 273 at timestamp 27.20sec (24%)"
"2","Adding frame 274 at timestamp 27.10sec (24%)"
"2","Adding frame 275 at timestamp 27.30sec (24%)"
"2","Adding frame 276 at timestamp 27.80sec (24%)"
"2","Adding frame 277 at timestamp 27.60sec (24%)"
"2","Adding frame 278 at timestamp 27.50sec (24%)"
"2","Adding frame 279 at timestamp 27.70sec (24%)"
"2","Adding frame 280 at timestamp 28.20sec (24%)"
"2","Adding frame 281 at timestamp 28.00sec (24%)"
"2","Adding frame 282 at timestamp 27.90sec (24%)"
"2","Adding frame 283 at timestamp 28.10sec (24%)"
"2","Adding frame 284 at timestamp 28.60sec (24%)"
"2","Adding frame 285 at timestamp 28.40sec (24%)"
"2","Adding frame 286 at timestamp 28.30sec (24%)"
"2","Adding frame 287 at timestamp 28.50sec (24%)"
"2","Adding frame 288 at timestamp 29.00sec (24%)"
"2","Adding frame 289 at timestamp 28.80sec (24%)"
"2","Adding frame 290 at timestamp 28.70sec (24%)"
"2","Adding frame 291 at timestamp 28.90sec (24%)"
"2","Adding frame 292 at timestamp 29.40sec (24%)"
"2","Adding frame 293 at timestamp 29.20sec (24%)"
"2","Adding frame 294 at timestamp 29.10sec (24%)"
"2","Adding frame 295 at timestamp 29.30sec (26%)"
"2","Adding frame 296 at timestamp 29.80sec (26%)"
"2","Adding frame 297 at timestamp 29.60sec (26%)"
"2","Adding frame 298 at timestamp 29.50sec (26%)"
"2","Adding frame 299 at timestamp 29.70sec (26%)"
"2","Adding frame 300 at timestamp 30.20sec (26%)"
"2","Adding frame 301 at timestamp 30.00sec (26%)"
"2","Adding frame 302 at timestamp 29.90sec (26%)"
"2","Adding frame 303 at timestamp 30.10sec (26%)"
"2","Adding frame 304 at timestamp 30.60sec (26%)"
"2","Adding frame 305 at timestamp 30.40sec (26%)"
"2","Adding frame 306 at timestamp 30.30sec (26%)"
"2","Adding frame 307 at timestamp 30.50sec (26%)"
"2","Adding frame 308 at timestamp 31.00sec (26%)"
"2","Adding frame 309 at timestamp 30.80sec (26%)"
"2","Adding frame 310 at timestamp 30.70sec (26%)"
"2","Adding frame 311 at timestamp 30.90sec (26%)"
"2","Adding frame 312 at timestamp 31.40sec (26%)"
"2","Adding frame 313 at timestamp 31.20sec (26%)"
"2","Adding frame 314 at timestamp 31.10sec (26%)"
"2","Adding frame 315 at timestamp 31.30sec (26%)"
"2","Adding frame 316 at timestamp 31.80sec (26%)"
"2","Adding frame 317 at timestamp 31.60sec (26%)"
"2","Adding frame 318 at timestamp 31.50sec (26%)"
"2","Adding frame 319 at timestamp 31.70sec (26%)"
"2","Adding frame 320 at timestamp 32.20sec (26%)"
"2","Adding frame 321 at timestamp 32.00sec (26%)"
"2","Adding frame 322 at timestamp 31.90sec (26%)"
"2","Adding frame 323 at timestamp 32.10sec (26%)"
"2","Adding frame 324 at timestamp 32.60sec (26%)"
"2","Adding frame 325 at timestamp 32.40sec (28%)"
"2","Adding frame 326 at timestamp 32.30sec (28%)"
"2","Adding frame 327 at timestamp 32.50sec (28%)"
"2","Adding frame 328 at timestamp 33.00sec (28%)"
"2","Adding frame 329 at timestamp 32.80sec (28%)"
"2","Adding frame 330 at timestamp 32.70sec (28%)"
"2","Adding frame 331 at timestamp 32.90sec (28%)"
"2","Adding frame 332 at timestamp 33.20sec (28%)"
"2","Adding frame 333 at timestamp 33.10sec (28%)"
"2","Adding frame 334 at timestamp 33.60sec (28%)"
"2","Adding frame 335 at timestamp 33.40sec (28%)"
"2","Adding frame 336 at timestamp 33.30sec (28%)"
"2","Adding frame 337 at timestamp 33.50sec (28%)"
"2","Adding frame 338 at timestamp 34.00sec (28%)"
"2","Adding frame 339 at timestamp 33.80sec (28%)"
"2","Adding frame 340 at timestamp 33.70sec (28%)"
"2","Adding frame 341 at timestamp 33.90sec (28%)"
"2","Adding frame 342 at timestamp 34.40sec (28%)"
"2","Adding frame 343 at timestamp 34.20sec (28%)"
"2","Adding frame 344 at timestamp 34.10sec (28%)"
"2","Adding frame 345 at timestamp 34.30sec (28%)"
"2","Adding frame 346 at timestamp 34.80sec (28%)"
"2","Adding frame 347 at timestamp 34.60sec (28%)"
"2","Adding frame 348 at timestamp 34.50sec (28%)"
"2","Adding frame 349 at timestamp 34.70sec (28%)"
"2","Adding frame 350 at timestamp 35.20sec (28%)"
"2","Adding frame 351 at timestamp 35.00sec (28%)"
"2","Adding frame 352 at timestamp 34.90sec (28%)"
"2","Adding frame 353 at timestamp 35.10sec (28%)"
"2","Adding frame 354 at timestamp 35.60sec (28%)"
"2","Adding frame 355 at timestamp 35.40sec (30%)"
"2","Adding frame 356 at timestamp 35.30sec (30%)"
"2","Adding frame 357 at timestamp 35.50sec (30%)"
"2","Adding frame 358 at timestamp 36.00sec (30%)"
"2","Adding frame 359 at timestamp 35.80sec (30%)"
"2","Adding frame 360 at timestamp 35.70sec (30%)"
"2","Adding frame 361 at timestamp 35.90sec (30%)"
"2","Adding frame 362 at timestamp 36.20sec (30%)"
"2","Adding frame 363 at timestamp 36.10sec (30%)"
"2","Adding frame 364 at timestamp 36.60sec (30%)"
"2","Adding frame 365 at timestamp 36.40sec (30%)"
"2","Adding frame 366 at timestamp 36.30sec (30%)"
"2","Adding frame 367 at timestamp 36.50sec (30%)"
"2","Adding frame 368 at timestamp 37.00sec (30%)"
"2","Adding frame 369 at timestamp 36.80sec (30%)"
"2","Adding frame 370 at timestamp 36.70sec (30%)"
"2","Adding frame 371 at timestamp 36.90sec (30%)"
"2","Adding frame 372 at timestamp 37.40sec (30%)"
"2","Adding frame 373 at timestamp 37.20sec (30%)"
"2","Adding frame 374 at timestamp 37.10sec (30%)"
"2","Adding frame 375 at timestamp 37.30sec (30%)"
"2","Adding frame 376 at timestamp 37.80sec (30%)"
"2","Adding frame 377 at timestamp 37.60sec (30%)"
"2","Adding frame 378 at timestamp 37.50sec (30%)"
"2","Adding frame 379 at timestamp 37.70sec (30%)"
"2","Adding frame 380 at timestamp 38.20sec (30%)"
"2","Adding frame 381 at timestamp 38.00sec (30%)"
"2","Adding frame 382 at timestamp 37.90sec (30%)"
"2","Adding frame 383 at timestamp 38.10sec (30%)"
"2","Adding frame 384 at timestamp 38.60sec (30%)"
"2","Adding frame 385 at timestamp 38.40sec (32%)"
"2","Adding frame 386 at timestamp 38.30sec (32%)"
"2","Adding frame 387 at timestamp 38.50sec (32%)"
"2","Adding frame 388 at timestamp 39.00sec (32%)"
"2","Adding frame 389 at timestamp 38.80sec (32%)"
"2","Adding frame 390 at timestamp 38.70sec (32%)"
"2","Adding frame 391 at timestamp 38.90sec (32%)"
"2","Adding frame 392 at timestamp 39.40sec (32%)"
"2","Adding frame 393 at timestamp 39.20sec (32%)"
"2","Adding frame 394 at timestamp 39.10sec (32%)"
"2","Adding frame 395 at timestamp 39.30sec (32%)"
"2","Adding frame 396 at timestamp 39.80sec (32%)"
"2","Adding frame 397 at timestamp 39.60sec (32%)"
"2","Adding frame 398 at timestamp 39.50sec (32%)"
"2","Adding frame 399 at timestamp 39.70sec (32%)"
"2","Adding frame 400 at timestamp 40.20sec (32%)"
"2","Adding frame 401 at timestamp 40.00sec (32%)"
"2","Adding frame 402 at timestamp 39.90sec (32%)"
"2","Adding frame 403 at timestamp 40.10sec (32%)"
"2","Adding frame 404 at timestamp 40.60sec (32%)"
"2","Adding frame 405 at timestamp 40.40sec (32%)"
"2","Adding frame 406 at timestamp 40.30sec (32%)"
"2","Adding frame 407 at timestamp 40.50sec (32%)"
"2","Adding frame 408 at timestamp 41.00sec (32%)"
"2","Adding frame 409 at timestamp 40.80sec (32%)"
"2","Adding frame 410 at timestamp 40.70sec (32%)"
"2","Adding frame 411 at timestamp 40.90sec (32%)"
"2","Adding frame 412 at timestamp 41.40sec (32%)"
"2","Adding frame 413 at timestamp 41.20sec (32%)"
"2","Adding frame 414 at timestamp 41.10sec (32%)"
"2","Adding frame 415 at timestamp 41.30sec (34%)"
"2","Adding frame 416 at timestamp 41.80sec (34%)"
"2","Adding frame 417 at timestamp 41.60sec (34%)"
"2","Adding frame 418 at timestamp 41.50sec (34%)"
"2","Adding frame 419 at timestamp 41.70sec (34%)"
"2","Adding frame 420 at timestamp 42.20sec (34%)"
"2","Adding frame 421 at timestamp 42.00sec (34%)"
"2","Adding frame 422 at timestamp 41.90sec (34%)"
"2","Adding frame 423 at timestamp 42.10sec (34%)"
"2","Adding frame 424 at timestamp 42.60sec (34%)"
"2","Adding frame 425 at timestamp 42.40sec (34%)"
"2","Adding frame 426 at timestamp 42.30sec (34%)"
"2","Adding frame 427 at timestamp 42.50sec (34%)"
"2","Adding frame 428 at timestamp 43.00sec (34%)"
"2","Adding frame 429 at timestamp 42.80sec (34%)"
"2","Adding frame 430 at timestamp 42.70sec (34%)"
"2","Adding frame 431 at timestamp 42.90sec (34%)"
"2","Adding frame 432 at timestamp 43.40sec (34%)"
"2","Adding frame 433 at timestamp 43.20sec (34%)"
"2","Adding frame 434 at timestamp 43.10sec (34%)"
"2","Adding frame 435 at timestamp 43.30sec (34%)"
"2","Adding frame 436 at timestamp 43.80sec (34%)"
"2","Adding frame 437 at timestamp 43.60sec (34%)"
"2","Adding frame 438 at timestamp 43.50sec (34%)"
"2","Adding frame 439 at timestamp 43.70sec (34%)"
"2","Adding frame 440 at timestamp 44.20sec (34%)"
"2","Adding frame 441 at timestamp 44.00sec (34%)"
"2","Adding frame 442 at timestamp 43.90sec (34%)"
"2","Adding frame 443 at timestamp 44.10sec (34%)"
"2","Adding frame 444 at timestamp 44.60sec (34%)"
"2","Adding frame 445 at timestamp 44.40sec (36%)"
"2","Adding frame 446 at timestamp 44.30sec (36%)"
"2","Adding frame 447 at timestamp 44.50sec (36%)"
"2","Adding frame 448 at timestamp 45.00sec (36%)"
"2","Adding frame 449 at timestamp 44.80sec (36%)"
"2","Adding frame 450 at timestamp 44.70sec (36%)"
"2","Adding frame 451 at timestamp 44.90sec (36%)"
"2","Adding frame 452 at timestamp 45.20sec (36%)"
"2","Adding frame 453 at timestamp 45.10sec (36%)"
"2","Adding frame 454 at timestamp 45.60sec (36%)"
"2","Adding frame 455 at timestamp 45.40sec (36%)"
"2","Adding frame 456 at timestamp 45.30sec (36%)"
"2","Adding frame 457 at timestamp 45.50sec (36%)"
"2","Adding frame 458 at timestamp 46.00sec (36%)"
"2","Adding frame 459 at timestamp 45.80sec (36%)"
"2","Adding frame 460 at timestamp 45.70sec (36%)"
"2","Adding frame 461 at timestamp 45.90sec (36%)"
"2","Adding frame 462 at timestamp 46.40sec (36%)"
"2","Adding frame 463 at timestamp 46.20sec (36%)"
"2","Adding frame 464 at timestamp 46.10sec (36%)"
"2","Adding frame 465 at timestamp 46.30sec (36%)"
"2","Adding frame 466 at timestamp 46.80sec (36%)"
"2","Adding frame 467 at timestamp 46.60sec (36%)"
"2","Adding frame 468 at timestamp 46.50sec (36%)"
"2","Adding frame 469 at timestamp 46.70sec (36%)"
"2","Adding frame 470 at timestamp 47.20sec (36%)"
"2","Adding frame 471 at timestamp 47.00sec (36%)"
"2","Adding frame 472 at timestamp 46.90sec (36%)"
"2","Adding frame 473 at timestamp 47.10sec (36%)"
"2","Adding frame 474 at timestamp 47.60sec (36%)"
"2","Adding frame 475 at timestamp 47.40sec (38%)"
"2","Adding frame 476 at timestamp 47.30sec (38%)"
"2","Adding frame 477 at timestamp 47.50sec (38%)"
"2","Adding frame 478 at timestamp 48.00sec (38%)"
"2","Adding frame 479 at timestamp 47.80sec (38%)"
"2","Adding frame 480 at timestamp 47.70sec (38%)"
"2","Adding frame 481 at timestamp 47.90sec (38%)"
"2","Adding frame 482 at timestamp 48.40sec (38%)"
"2","Adding frame 483 at timestamp 48.20sec (38%)"
"2","Adding frame 484 at timestamp 48.10sec (38%)"
"2","Adding frame 485 at timestamp 48.30sec (38%)"
"2","Adding frame 486 at timestamp 48.80sec (38%)"
"2","Adding frame 487 at timestamp 48.60sec (38%)"
"2","Adding frame 488 at timestamp 48.50sec (38%)"
"2","Adding frame 489 at timestamp 48.70sec (38%)"
"2","Adding frame 490 at timestamp 49.20sec (38%)"
"2","Adding frame 491 at timestamp 49.00sec (38%)"
"2","Adding frame 492 at timestamp 48.90sec (38%)"
"2","Adding frame 493 at timestamp 49.10sec (38%)"
"2","Adding frame 494 at timestamp 49.60sec (38%)"
"2","Adding frame 495 at timestamp 49.40sec (38%)"
"2","Adding frame 496 at timestamp 49.30sec (38%)"
"2","Adding frame 497 at timestamp 49.50sec (38%)"
"2","Adding frame 498 at timestamp 49.90sec (38%)"
"2","Adding frame 499 at timestamp 49.70sec (38%)"
"2","Adding frame 500 at timestamp 49.80sec (38%)"
"2","Adding frame 501 at timestamp 50.00sec (38%)"
"2","Adding frame 502 at timestamp 50.40sec (38%)"
"2","Adding frame 503 at timestamp 50.20sec (38%)"
"2","Adding frame 504 at timestamp 50.10sec (38%)"
"2","Adding frame 505 at timestamp 50.30sec (40%)"
"2","Adding frame 506 at timestamp 50.80sec (40%)"
"2","Adding frame 507 at timestamp 50.60sec (40%)"
"2","Adding frame 508 at timestamp 50.50sec (40%)"
"2","Adding frame 509 at timestamp 50.70sec (40%)"
"2","Adding frame 510 at timestamp 51.20sec (40%)"
"2","Adding frame 511 at timestamp 51.00sec (40%)"
"2","Adding frame 512 at timestamp 50.90sec (40%)"
"2","Adding frame 513 at timestamp 51.10sec (40%)"
"2","Adding frame 514 at timestamp 51.60sec (40%)"
"2","Adding frame 515 at timestamp 51.40sec (40%)"
"2","Adding frame 516 at timestamp 51.30sec (40%)"
"2","Adding frame 517 at timestamp 51.50sec (40%)"
"2","Adding frame 518 at timestamp 52.00sec (40%)"
"2","Adding frame 519 at timestamp 51.80sec (40%)"
"2","Adding frame 520 at timestamp 51.70sec (40%)"
"2","Adding frame 521 at timestamp 51.90sec (40%)"
"2","Adding frame 522 at timestamp 52.40sec (40%)"
"2","Adding frame 523 at timestamp 52.20sec (40%)"
"2","Adding frame 524 at timestamp 52.10sec (40%)"
"2","Adding frame 525 at timestamp 52.30sec (40%)"
"2","Adding frame 526 at timestamp 52.80sec (40%)"
"2","Adding frame 527 at timestamp 52.60sec (40%)"
"2","Adding frame 528 at timestamp 52.50sec (40%)"
"2","Adding frame 529 at timestamp 52.70sec (40%)"
"2","Adding frame 530 at timestamp 53.20sec (40%)"
"2","Adding frame 531 at timestamp 53.00sec (40%)"
"2","Adding frame 532 at timestamp 52.90sec (40%)"
"2","Adding frame 533 at timestamp 53.10sec (40%)"
"2","Adding frame 534 at timestamp 53.60sec (40%)"
"2","Adding frame 535 at timestamp 53.40sec (42%)"
"2","Adding frame 536 at timestamp 53.30sec (42%)"
"2","Adding frame 537 at timestamp 53.50sec (42%)"
"2","Adding frame 538 at timestamp 54.00sec (42%)"
"2","Adding frame 539 at timestamp 53.80sec (42%)"
"2","Adding frame 540 at timestamp 53.70sec (42%)"
"2","Adding frame 541 at timestamp 53.90sec (42%)"
"2","Adding frame 542 at timestamp 54.40sec (42%)"
"2","Adding frame 543 at timestamp 54.20sec (42%)"
"2","Adding frame 544 at timestamp 54.10sec (42%)"
"2","Adding frame 545 at timestamp 54.30sec (42%)"
"2","Adding frame 546 at timestamp 54.80sec (42%)"
"2","Adding frame 547 at timestamp 54.60sec (42%)"
"2","Adding frame 548 at timestamp 54.50sec (42%)"
"2","Adding frame 549 at timestamp 54.70sec (42%)"
"2","Adding frame 550 at timestamp 55.20sec (42%)"
"2","Adding frame 551 at timestamp 55.00sec (42%)"
"2","Adding frame 552 at timestamp 54.90sec (42%)"
"2","Adding frame 553 at timestamp 55.10sec (42%)"
"2","Adding frame 554 at timestamp 55.60sec (42%)"
"2","Adding frame 555 at timestamp 55.40sec (42%)"
"2","Adding frame 556 at timestamp 55.30sec (42%)"
"2","Adding frame 557 at timestamp 55.50sec (42%)"
"2","Adding frame 558 at timestamp 56.00sec (42%)"
"2","Adding frame 559 at timestamp 55.80sec (42%)"
"2","Adding frame 560 at timestamp 55.70sec (42%)"
"2","Adding frame 561 at timestamp 55.90sec (42%)"
"2","Adding frame 562 at timestamp 56.40sec (42%)"
"2","Adding frame 563 at timestamp 56.20sec (42%)"
"2","Adding frame 564 at timestamp 56.10sec (42%)"
"2","Adding frame 565 at timestamp 56.30sec (44%)"
"2","Adding frame 566 at timestamp 56.80sec (44%)"
"2","Adding frame 567 at timestamp 56.60sec (44%)"
"2","Adding frame 568 at timestamp 56.50sec (44%)"
"2","Adding frame 569 at timestamp 56.70sec (44%)"
"2","Adding frame 570 at timestamp 57.20sec (44%)"
"2","Adding frame 571 at timestamp 57.00sec (44%)"
"2","Adding frame 572 at timestamp 56.90sec (44%)"
"2","Adding frame 573 at timestamp 57.10sec (44%)"
"2","Adding frame 574 at timestamp 57.60sec (44%)"
"2","Adding frame 575 at timestamp 57.40sec (44%)"
"2","Adding frame 576 at timestamp 57.30sec (44%)"
"2","Adding frame 577 at timestamp 57.50sec (44%)"
"2","Adding frame 578 at timestamp 58.00sec (44%)"
"2","Adding frame 579 at timestamp 57.80sec (44%)"
"2","Adding frame 580 at timestamp 57.70sec (44%)"
"2","Adding frame 581 at timestamp 57.90sec (44%)"
"2","Adding frame 582 at timestamp 58.40sec (44%)"
"2","Adding frame 583 at timestamp 58.20sec (44%)"
"2","Adding frame 584 at timestamp 58.10sec (44%)"
"2","Adding frame 585 at timestamp 58.30sec (44%)"
"2","Adding frame 586 at timestamp 58.80sec (44%)"
"2","Adding frame 587 at timestamp 58.60sec (44%)"
"2","Adding frame 588 at timestamp 58.50sec (44%)"
"2","Adding frame 589 at timestamp 58.70sec (44%)"
"2","Adding frame 590 at timestamp 59.20sec (44%)"
"2","Adding frame 591 at timestamp 59.00sec (44%)"
"2","Adding frame 592 at timestamp 58.90sec (44%)"
"2","Adding frame 593 at timestamp 59.10sec (44%)"
"2","Adding frame 594 at timestamp 59.60sec (44%)"
"2","Adding frame 595 at timestamp 59.40sec (46%)"
"2","Adding frame 596 at timestamp 59.30sec (46%)"
"2","Adding frame 597 at timestamp 59.50sec (46%)"
"2","Adding frame 598 at timestamp 60.00sec (46%)"
"2","Adding frame 599 at timestamp 59.80sec (46%)"
"2","Adding frame 600 at timestamp 59.70sec (46%)"
"2","Adding frame 601 at timestamp 59.90sec (46%)"
"2","Adding frame 602 at timestamp 60.20sec (46%)"
"2","Adding frame 603 at timestamp 60.10sec (46%)"
"2","Adding frame 604 at timestamp 60.60sec (46%)"
"2","Adding frame 605 at timestamp 60.40sec (46%)"
"2","Adding frame 606 at timestamp 60.30sec (46%)"
"2","Adding frame 607 at timestamp 60.50sec (46%)"
"2","Adding frame 608 at timestamp 61.00sec (46%)"
"2","Adding frame 609 at timestamp 60.80sec (46%)"
"2","Adding frame 610 at timestamp 60.70sec (46%)"
"2","Adding frame 611 at timestamp 60.90sec (46%)"
"2","Adding frame 612 at timestamp 61.40sec (46%)"
"2","Adding frame 613 at timestamp 61.20sec (46%)"
"2","Adding frame 614 at timestamp 61.10sec (46%)"
"2","Adding frame 615 at timestamp 61.30sec (46%)"
"2","Adding frame 616 at timestamp 61.80sec (46%)"
"2","Adding frame 617 at timestamp 61.60sec (46%)"
"2","Adding frame 618 at timestamp 61.50sec (46%)"
"2","Adding frame 619 at timestamp 61.70sec (46%)"
"2","Adding frame 620 at timestamp 62.20sec (46%)"
"2","Adding frame 621 at timestamp 62.00sec (46%)"
"2","Adding frame 622 at timestamp 61.90sec (46%)"
"2","Adding frame 623 at timestamp 62.10sec (46%)"
"2","Adding frame 624 at timestamp 62.60sec (46%)"
"2","Adding frame 625 at timestamp 62.40sec (48%)"
"2","Adding frame 626 at timestamp 62.30sec (48%)"
"2","Adding frame 627 at timestamp 62.50sec (48%)"
"2","Adding frame 628 at timestamp 63.00sec (48%)"
"2","Adding frame 629 at timestamp 62.80sec (48%)"
"2","Adding frame 630 at timestamp 62.70sec (48%)"
"2","Adding frame 631 at timestamp 62.90sec (48%)"
"2","Adding frame 632 at timestamp 63.20sec (48%)"
"2","Adding frame 633 at timestamp 63.10sec (48%)"
"2","Adding frame 634 at timestamp 63.60sec (48%)"
"2","Adding frame 635 at timestamp 63.40sec (48%)"
"2","Adding frame 636 at timestamp 63.30sec (48%)"
"2","Adding frame 637 at timestamp 63.50sec (48%)"
"2","Adding frame 638 at timestamp 64.00sec (48%)"
"2","Adding frame 639 at timestamp 63.80sec (48%)"
"2","Adding frame 640 at timestamp 63.70sec (48%)"
"2","Adding frame 641 at timestamp 63.90sec (48%)"
"2","Adding frame 642 at timestamp 64.40sec (48%)"
"2","Adding frame 643 at timestamp 64.20sec (48%)"
"2","Adding frame 644 at timestamp 64.10sec (48%)"
"2","Adding frame 645 at timestamp 64.30sec (48%)"
"2","Adding frame 646 at timestamp 64.80sec (48%)"
"2","Adding frame 647 at timestamp 64.60sec (48%)"
"2","Adding frame 648 at timestamp 64.50sec (48%)"
"2","Adding frame 649 at timestamp 64.70sec (48%)"
"2","Adding frame 650 at timestamp 65.20sec (48%)"
"2","Adding frame 651 at timestamp 65.00sec (48%)"
"2","Adding frame 652 at timestamp 64.90sec (48%)"
"2","Adding frame 653 at timestamp 65.10sec (48%)"
"2","Adding frame 654 at timestamp 65.60sec (48%)"
"2","Adding frame 655 at timestamp 65.40sec (50%)"
"2","Adding frame 656 at timestamp 65.30sec (50%)"
"2","Adding frame 657 at timestamp 65.50sec (50%)"
"2","Adding frame 658 at timestamp 66.00sec (50%)"
"2","Adding frame 659 at timestamp 65.80sec (50%)"
"2","Adding frame 660 at timestamp 65.70sec (50%)"
"2","Adding frame 661 at timestamp 65.90sec (50%)"
"2","Adding frame 662 at timestamp 66.20sec (50%)"
"2","Adding frame 663 at timestamp 66.10sec (50%)"
"2","Adding frame 664 at timestamp 66.60sec (50%)"
"2","Adding frame 665 at timestamp 66.40sec (50%)"
"2","Adding frame 666 at timestamp 66.30sec (50%)"
"2","Adding frame 667 at timestamp 66.50sec (50%)"
"2","Adding frame 668 at timestamp 67.00sec (50%)"
"2","Adding frame 669 at timestamp 66.80sec (50%)"
"2","Adding frame 670 at timestamp 66.70sec (50%)"
"2","Adding frame 671 at timestamp 66.90sec (50%)"
"2","Adding frame 672 at timestamp 67.40sec (50%)"
"2","Adding frame 673 at timestamp 67.20sec (50%)"
"2","Adding frame 674 at timestamp 67.10sec (50%)"
"2","Adding frame 675 at timestamp 67.30sec (50%)"
"2","Adding frame 676 at timestamp 67.80sec (50%)"
"2","Adding frame 677 at timestamp 67.60sec (50%)"
"2","Adding frame 678 at timestamp 67.50sec (50%)"
"2","Adding frame 679 at timestamp 67.70sec (50%)"
"2","Adding frame 680 at timestamp 68.20sec (50%)"
"2","Adding frame 681 at timestamp 68.00sec (50%)"
"2","Adding frame 682 at timestamp 67.90sec (50%)"
"2","Adding frame 683 at timestamp 68.10sec (50%)"
"2","Adding frame 684 at timestamp 68.60sec (50%)"
"2","Adding frame 685 at timestamp 68.40sec (52%)"
"2","Adding frame 686 at timestamp 68.30sec (52%)"
"2","Adding frame 687 at timestamp 68.50sec (52%)"
"2","Adding frame 688 at timestamp 69.00sec (52%)"
"2","Adding frame 689 at timestamp 68.80sec (52%)"
"2","Adding frame 690 at timestamp 68.70sec (52%)"
"2","Adding frame 691 at timestamp 68.90sec (52%)"
"2","Adding frame 692 at timestamp 69.40sec (52%)"
"2","Adding frame 693 at timestamp 69.20sec (52%)"
"2","Adding frame 694 at timestamp 69.10sec (52%)"
"2","Adding frame 695 at timestamp 69.30sec (52%)"
"2","Adding frame 696 at timestamp 69.80sec (52%)"
"2","Adding frame 697 at timestamp 69.60sec (52%)"
"2","Adding frame 698 at timestamp 69.50sec (52%)"
"2","Adding frame 699 at timestamp 69.70sec (52%)"
"2","Adding frame 700 at timestamp 70.20sec (52%)"
"2","Adding frame 701 at timestamp 70.00sec (52%)"
"2","Adding frame 702 at timestamp 69.90sec (52%)"
"2","Adding frame 703 at timestamp 70.10sec (52%)"
"2","Adding frame 704 at timestamp 70.60sec (52%)"
"2","Adding frame 705 at timestamp 70.40sec (52%)"
"2","Adding frame 706 at timestamp 70.30sec (52%)"
"2","Adding frame 707 at timestamp 70.50sec (52%)"
"2","Adding frame 708 at timestamp 71.00sec (52%)"
"2","Adding frame 709 at timestamp 70.80sec (52%)"
"2","Adding frame 710 at timestamp 70.70sec (52%)"
"2","Adding frame 711 at timestamp 70.90sec (52%)"
"2","Adding frame 712 at timestamp 71.40sec (52%)"
"2","Adding frame 713 at timestamp 71.20sec (52%)"
"2","Adding frame 714 at timestamp 71.10sec (52%)"
"2","Adding frame 715 at timestamp 71.30sec (54%)"
"2","Adding frame 716 at timestamp 71.80sec (54%)"
"2","Adding frame 717 at timestamp 71.60sec (54%)"
"2","Adding frame 718 at timestamp 71.50sec (54%)"
"2","Adding frame 719 at timestamp 71.70sec (54%)"
"2","Adding frame 720 at timestamp 72.20sec (54%)"
"2","Adding frame 721 at timestamp 72.00sec (54%)"
"2","Adding frame 722 at timestamp 71.90sec (54%)"
"2","Adding frame 723 at timestamp 72.10sec (54%)"
"2","Adding frame 724 at timestamp 72.60sec (54%)"
"2","Adding frame 725 at timestamp 72.40sec (54%)"
"2","Adding frame 726 at timestamp 72.30sec (54%)"
"2","Adding frame 727 at timestamp 72.50sec (54%)"
"2","Adding frame 728 at timestamp 73.00sec (54%)"
"2","Adding frame 729 at timestamp 72.80sec (54%)"
"2","Adding frame 730 at timestamp 72.70sec (54%)"
"2","Adding frame 731 at timestamp 72.90sec (54%)"
"2","Adding frame 732 at timestamp 73.40sec (54%)"
"2","Adding frame 733 at timestamp 73.20sec (54%)"
"2","Adding frame 734 at timestamp 73.10sec (54%)"
"2","Adding frame 735 at timestamp 73.30sec (54%)"
"2","Adding frame 736 at timestamp 73.80sec (54%)"
"2","Adding frame 737 at timestamp 73.60sec (54%)"
"2","Adding frame 738 at timestamp 73.50sec (54%)"
"2","Adding frame 739 at timestamp 73.70sec (54%)"
"2","Adding frame 740 at timestamp 74.20sec (54%)"
"2","Adding frame 741 at timestamp 74.00sec (54%)"
"2","Adding frame 742 at timestamp 73.90sec (54%)"
"2","Adding frame 743 at timestamp 74.10sec (54%)"
"2","Adding frame 744 at timestamp 74.60sec (54%)"
"2","Adding frame 745 at timestamp 74.40sec (56%)"
"2","Adding frame 746 at timestamp 74.30sec (56%)"
"2","Adding frame 747 at timestamp 74.50sec (56%)"
"2","Adding frame 748 at timestamp 74.90sec (56%)"
"2","Adding frame 749 at timestamp 74.70sec (56%)"
"2","Adding frame 750 at timestamp 74.80sec (56%)"
"2","Adding frame 751 at timestamp 75.00sec (56%)"
"2","Adding frame 752 at timestamp 75.40sec (56%)"
"2","Adding frame 753 at timestamp 75.20sec (56%)"
"2","Adding frame 754 at timestamp 75.10sec (56%)"
"2","Adding frame 755 at timestamp 75.30sec (56%)"
"2","Adding frame 756 at timestamp 75.80sec (56%)"
"2","Adding frame 757 at timestamp 75.60sec (56%)"
"2","Adding frame 758 at timestamp 75.50sec (56%)"
"2","Adding frame 759 at timestamp 75.70sec (56%)"
"2","Adding frame 760 at timestamp 76.20sec (56%)"
"2","Adding frame 761 at timestamp 76.00sec (56%)"
"2","Adding frame 762 at timestamp 75.90sec (56%)"
"2","Adding frame 763 at timestamp 76.10sec (56%)"
"2","Adding frame 764 at timestamp 76.60sec (56%)"
"2","Adding frame 765 at timestamp 76.40sec (56%)"
"2","Adding frame 766 at timestamp 76.30sec (56%)"
"2","Adding frame 767 at timestamp 76.50sec (56%)"
"2","Adding frame 768 at timestamp 77.00sec (56%)"
"2","Adding frame 769 at timestamp 76.80sec (56%)"
"2","Adding frame 770 at timestamp 76.70sec (56%)"
"2","Adding frame 771 at timestamp 76.90sec (56%)"
"2","Adding frame 772 at timestamp 77.40sec (56%)"
"2","Adding frame 773 at timestamp 77.20sec (56%)"
"2","Adding frame 774 at timestamp 77.10sec (56%)"
"2","Adding frame 775 at timestamp 77.30sec (58%)"
"2","Adding frame 776 at timestamp 77.80sec (58%)"
"2","Adding frame 777 at timestamp 77.60sec (58%)"
"2","Adding frame 778 at timestamp 77.50sec (58%)"
"2","Adding frame 779 at timestamp 77.70sec (58%)"
"2","Adding frame 780 at timestamp 78.20sec (58%)"
"2","Adding frame 781 at timestamp 78.00sec (58%)"
"2","Adding frame 782 at timestamp 77.90sec (58%)"
"2","Adding frame 783 at timestamp 78.10sec (58%)"
"2","Adding frame 784 at timestamp 78.60sec (58%)"
"2","Adding frame 785 at timestamp 78.40sec (58%)"
"2","Adding frame 786 at timestamp 78.30sec (58%)"
"2","Adding frame 787 at timestamp 78.50sec (58%)"
"2","Adding frame 788 at timestamp 79.00sec (58%)"
"2","Adding frame 789 at timestamp 78.80sec (58%)"
"2","Adding frame 790 at timestamp 78.70sec (58%)"
"2","Adding frame 791 at timestamp 78.90sec (58%)"
"2","Adding frame 792 at timestamp 79.40sec (58%)"
"2","Adding frame 793 at timestamp 79.20sec (58%)"
"2","Adding frame 794 at timestamp 79.10sec (58%)"
"2","Adding frame 795 at timestamp 79.30sec (58%)"
"2","Adding frame 796 at timestamp 79.80sec (58%)"
"2","Adding frame 797 at timestamp 79.60sec (58%)"
"2","Adding frame 798 at timestamp 79.50sec (58%)"
"2","Adding frame 799 at timestamp 79.70sec (58%)"
"2","Adding frame 800 at timestamp 80.20sec (58%)"
"2","Adding frame 801 at timestamp 80.00sec (58%)"
"2","Adding frame 802 at timestamp 79.90sec (58%)"
"2","Adding frame 803 at timestamp 80.10sec (58%)"
"2","Adding frame 804 at timestamp 80.60sec (58%)"
"2","Adding frame 805 at timestamp 80.40sec (60%)"
"2","Adding frame 806 at timestamp 80.30sec (60%)"
"2","Adding frame 807 at timestamp 80.50sec (60%)"
"2","Adding frame 808 at timestamp 81.00sec (60%)"
"2","Adding frame 809 at timestamp 80.80sec (60%)"
"2","Adding frame 810 at timestamp 80.70sec (60%)"
"2","Adding frame 811 at timestamp 80.90sec (60%)"
"2","Adding frame 812 at timestamp 81.20sec (60%)"
"2","Adding frame 813 at timestamp 81.10sec (60%)"
"2","Adding frame 814 at timestamp 81.60sec (60%)"
"2","Adding frame 815 at timestamp 81.40sec (60%)"
"2","Adding frame 816 at timestamp 81.30sec (60%)"
"2","Adding frame 817 at timestamp 81.50sec (60%)"
"2","Adding frame 818 at timestamp 82.00sec (60%)"
"2","Adding frame 819 at timestamp 81.80sec (60%)"
"2","Adding frame 820 at timestamp 81.70sec (60%)"
"2","Adding frame 821 at timestamp 81.90sec (60%)"
"2","Adding frame 822 at timestamp 82.40sec (60%)"
"2","Adding frame 823 at timestamp 82.20sec (60%)"
"2","Adding frame 824 at timestamp 82.10sec (60%)"
"2","Adding frame 825 at timestamp 82.30sec (60%)"
"2","Adding frame 826 at timestamp 82.80sec (60%)"
"2","Adding frame 827 at timestamp 82.60sec (60%)"
"2","Adding frame 828 at timestamp 82.50sec (60%)"
"2","Adding frame 829 at timestamp 82.70sec (60%)"
"2","Adding frame 830 at timestamp 83.20sec (60%)"
"2","Adding frame 831 at timestamp 83.00sec (60%)"
"2","Adding frame 832 at timestamp 82.90sec (60%)"
"2","Adding frame 833 at timestamp 83.10sec (60%)"
"2","Adding frame 834 at timestamp 83.60sec (60%)"
"2","Adding frame 835 at timestamp 83.40sec (62%)"
"2","Adding frame 836 at timestamp 83.30sec (62%)"
"2","Adding frame 837 at timestamp 83.50sec (62%)"
"2","Adding frame 838 at timestamp 84.00sec (62%)"
"2","Adding frame 839 at timestamp 83.80sec (62%)"
"2","Adding frame 840 at timestamp 83.70sec (62%)"
"2","Adding frame 841 at timestamp 83.90sec (62%)"
"2","Adding frame 842 at timestamp 84.20sec (62%)"
"2","Adding frame 843 at timestamp 84.10sec (62%)"
"2","Adding frame 844 at timestamp 84.60sec (62%)"
"2","Adding frame 845 at timestamp 84.40sec (62%)"
"2","Adding frame 846 at timestamp 84.30sec (62%)"
"2","Adding frame 847 at timestamp 84.50sec (62%)"
"2","Adding frame 848 at timestamp 85.00sec (62%)"
"2","Adding frame 849 at timestamp 84.80sec (62%)"
"2","Adding frame 850 at timestamp 84.70sec (62%)"
"2","Adding frame 851 at timestamp 84.90sec (62%)"
"2","Adding frame 852 at timestamp 85.40sec (62%)"
"2","Adding frame 853 at timestamp 85.20sec (62%)"
"2","Adding frame 854 at timestamp 85.10sec (62%)"
"2","Adding frame 855 at timestamp 85.30sec (62%)"
"2","Adding frame 856 at timestamp 85.80sec (62%)"
"2","Adding frame 857 at timestamp 85.60sec (62%)"
"2","Adding frame 858 at timestamp 85.50sec (62%)"
"2","Adding frame 859 at timestamp 85.70sec (62%)"
"2","Adding frame 860 at timestamp 86.20sec (62%)"
"2","Adding frame 861 at timestamp 86.00sec (62%)"
"2","Adding frame 862 at timestamp 85.90sec (62%)"
"2","Adding frame 863 at timestamp 86.10sec (62%)"
"2","Adding frame 864 at timestamp 86.60sec (62%)"
"2","Adding frame 865 at timestamp 86.40sec (64%)"
"2","Adding frame 866 at timestamp 86.30sec (64%)"
"2","Adding frame 867 at timestamp 86.50sec (64%)"
"2","Adding frame 868 at timestamp 87.00sec (64%)"
"2","Adding frame 869 at timestamp 86.80sec (64%)"
"2","Adding frame 870 at timestamp 86.70sec (64%)"
"2","Adding frame 871 at timestamp 86.90sec (64%)"
"2","Adding frame 872 at timestamp 87.20sec (64%)"
"2","Adding frame 873 at timestamp 87.10sec (64%)"
"2","Adding frame 874 at timestamp 87.60sec (64%)"
"2","Adding frame 875 at timestamp 87.40sec (64%)"
"2","Adding frame 876 at timestamp 87.30sec (64%)"
"2","Adding frame 877 at timestamp 87.50sec (64%)"
"2","Adding frame 878 at timestamp 88.00sec (64%)"
"2","Adding frame 879 at timestamp 87.80sec (64%)"
"2","Adding frame 880 at timestamp 87.70sec (64%)"
"2","Adding frame 881 at timestamp 87.90sec (64%)"
"2","Adding frame 882 at timestamp 88.40sec (64%)"
"2","Adding frame 883 at timestamp 88.20sec (64%)"
"2","Adding frame 884 at timestamp 88.10sec (64%)"
"2","Adding frame 885 at timestamp 88.30sec (64%)"
"2","Adding frame 886 at timestamp 88.80sec (64%)"
"2","Adding frame 887 at timestamp 88.60sec (64%)"
"2","Adding frame 888 at timestamp 88.50sec (64%)"
"2","Adding frame 889 at timestamp 88.70sec (64%)"
"2","Adding frame 890 at timestamp 89.20sec (64%)"
"2","Adding frame 891 at timestamp 89.00sec (64%)"
"2","Adding frame 892 at timestamp 88.90sec (64%)"
"2","Adding frame 893 at timestamp 89.10sec (64%)"
"2","Adding frame 894 at timestamp 89.60sec (64%)"
"2","Adding frame 895 at timestamp 89.40sec (66%)"
"2","Adding frame 896 at timestamp 89.30sec (66%)"
"2","Adding frame 897 at timestamp 89.50sec (66%)"
"2","Adding frame 898 at timestamp 90.00sec (66%)"
"2","Adding frame 899 at timestamp 89.80sec (66%)"
"2","Adding frame 900 at timestamp 89.70sec (66%)"
"2","Adding frame 901 at timestamp 89.90sec (66%)"
"2","Adding frame 902 at timestamp 90.40sec (66%)"
"2","Adding frame 903 at timestamp 90.20sec (66%)"
"2","Adding frame 904 at timestamp 90.10sec (66%)"
"2","Adding frame 905 at timestamp 90.30sec (66%)"
"2","Adding frame 906 at timestamp 90.80sec (66%)"
"2","Adding frame 907 at timestamp 90.60sec (66%)"
"2","Adding frame 908 at timestamp 90.50sec (66%)"
"2","Adding frame 909 at timestamp 90.70sec (66%)"
"2","Adding frame 910 at timestamp 91.20sec (66%)"
"2","Adding frame 911 at timestamp 91.00sec (66%)"
"2","Adding frame 912 at timestamp 90.90sec (66%)"
"2","Adding frame 913 at timestamp 91.10sec (66%)"
"2","Adding frame 914 at timestamp 91.60sec (66%)"
"2","Adding frame 915 at timestamp 91.40sec (66%)"
"2","Adding frame 916 at timestamp 91.30sec (66%)"
"2","Adding frame 917 at timestamp 91.50sec (66%)"
"2","Adding frame 918 at timestamp 92.00sec (66%)"
"2","Adding frame 919 at timestamp 91.80sec (66%)"
"2","Adding frame 920 at timestamp 91.70sec (66%)"
"2","Adding frame 921 at timestamp 91.90sec (66%)"
"2","Adding frame 922 at timestamp 92.40sec (66%)"
"2","Adding frame 923 at timestamp 92.20sec (66%)"
"2","Adding frame 924 at timestamp 92.10sec (66%)"
"2","Adding frame 925 at timestamp 92.30sec (68%)"
"2","Adding frame 926 at timestamp 92.80sec (68%)"
"2","Adding frame 927 at timestamp 92.60sec (68%)"
"2","Adding frame 928 at timestamp 92.50sec (68%)"
"2","Adding frame 929 at timestamp 92.70sec (68%)"
"2","Adding frame 930 at timestamp 93.20sec (68%)"
"2","Adding frame 931 at timestamp 93.00sec (68%)"
"2","Adding frame 932 at timestamp 92.90sec (68%)"
"2","Adding frame 933 at timestamp 93.10sec (68%)"
"2","Adding frame 934 at timestamp 93.60sec (68%)"
"2","Adding frame 935 at timestamp 93.40sec (68%)"
"2","Adding frame 936 at timestamp 93.30sec (68%)"
"2","Adding frame 937 at timestamp 93.50sec (68%)"
"2","Adding frame 938 at timestamp 94.00sec (68%)"
"2","Adding frame 939 at timestamp 93.80sec (68%)"
"2","Adding frame 940 at timestamp 93.70sec (68%)"
"2","Adding frame 941 at timestamp 93.90sec (68%)"
"2","Adding frame 942 at timestamp 94.40sec (68%)"
"2","Adding frame 943 at timestamp 94.20sec (68%)"
"2","Adding frame 944 at timestamp 94.10sec (68%)"
"2","Adding frame 945 at timestamp 94.30sec (68%)"
"2","Adding frame 946 at timestamp 94.80sec (68%)"
"2","Adding frame 947 at timestamp 94.60sec (68%)"
"2","Adding frame 948 at timestamp 94.50sec (68%)"
"2","Adding frame 949 at timestamp 94.70sec (68%)"
"2","Adding frame 950 at timestamp 95.20sec (68%)"
"2","Adding frame 951 at timestamp 95.00sec (68%)"
"2","Adding frame 952 at timestamp 94.90sec (68%)"
"2","Adding frame 953 at timestamp 95.10sec (68%)"
"2","Adding frame 954 at timestamp 95.60sec (68%)"
"2","Adding frame 955 at timestamp 95.40sec (70%)"
"2","Adding frame 956 at timestamp 95.30sec (70%)"
"2","Adding frame 957 at timestamp 95.50sec (70%)"
"2","Adding frame 958 at timestamp 96.00sec (70%)"
"2","Adding frame 959 at timestamp 95.80sec (70%)"
"2","Adding frame 960 at timestamp 95.70sec (70%)"
"2","Adding frame 961 at timestamp 95.90sec (70%)"
"2","Adding frame 962 at timestamp 96.40sec (70%)"
"2","Adding frame 963 at timestamp 96.20sec (70%)"
"2","Adding frame 964 at timestamp 96.10sec (70%)"
"2","Adding frame 965 at timestamp 96.30sec (70%)"
"2","Adding frame 966 at timestamp 96.80sec (70%)"
"2","Adding frame 967 at timestamp 96.60sec (70%)"
"2","Adding frame 968 at timestamp 96.50sec (70%)"
"2","Adding frame 969 at timestamp 96.70sec (70%)"
"2","Adding frame 970 at timestamp 97.20sec (70%)"
"2","Adding frame 971 at timestamp 97.00sec (70%)"
"2","Adding frame 972 at timestamp 96.90sec (70%)"
"2","Adding frame 973 at timestamp 97.10sec (70%)"
"2","Adding frame 974 at timestamp 97.60sec (70%)"
"2","Adding frame 975 at timestamp 97.40sec (70%)"
"2","Adding frame 976 at timestamp 97.30sec (70%)"
"2","Adding frame 977 at timestamp 97.50sec (70%)"
"2","Adding frame 978 at timestamp 98.00sec (70%)"
"2","Adding frame 979 at timestamp 97.80sec (70%)"
"2","Adding frame 980 at timestamp 97.70sec (70%)"
"2","Adding frame 981 at timestamp 97.90sec (70%)"
"2","Adding frame 982 at timestamp 98.40sec (70%)"
"2","Adding frame 983 at timestamp 98.20sec (70%)"
"2","Adding frame 984 at timestamp 98.10sec (70%)"
"2","Adding frame 985 at timestamp 98.30sec (72%)"
"2","Adding frame 986 at timestamp 98.80sec (72%)"
"2","Adding frame 987 at timestamp 98.60sec (72%)"
"2","Adding frame 988 at timestamp 98.50sec (72%)"
"2","Adding frame 989 at timestamp 98.70sec (72%)"
"2","Adding frame 990 at timestamp 99.20sec (72%)"
"2","Adding frame 991 at timestamp 99.00sec (72%)"
"2","Adding frame 992 at timestamp 98.90sec (72%)"
"2","Adding frame 993 at timestamp 99.10sec (72%)"
"2","Adding frame 994 at timestamp 99.60sec (72%)"
"2","Adding frame 995 at timestamp 99.40sec (72%)"
"2","Adding frame 996 at timestamp 99.30sec (72%)"
"2","Adding frame 997 at timestamp 99.50sec (72%)"
"2","Adding frame 998 at timestamp 99.90sec (72%)"
"2","Adding frame 999 at timestamp 99.70sec (72%)"
"2","Adding frame 1000 at timestamp 99.80sec (72%)"
"2","Adding frame 1001 at timestamp 100.00sec (72%)"
"2","Adding frame 1002 at timestamp 100.40sec (72%)"
"2","Adding frame 1003 at timestamp 100.20sec (72%)"
"2","Adding frame 1004 at timestamp 100.10sec (72%)"
"2","Adding frame 1005 at timestamp 100.30sec (72%)"
"2","Adding frame 1006 at timestamp 100.80sec (72%)"
"2","Adding frame 1007 at timestamp 100.60sec (72%)"
"2","Adding frame 1008 at timestamp 100.50sec (72%)"
"2","Adding frame 1009 at timestamp 100.70sec (72%)"
"2","Adding frame 1010 at timestamp 101.20sec (72%)"
"2","Adding frame 1011 at timestamp 101.00sec (72%)"
"2","Adding frame 1012 at timestamp 100.90sec (72%)"
"2","Adding frame 1013 at timestamp 101.10sec (72%)"
"2","Adding frame 1014 at timestamp 101.60sec (72%)"
"2","Adding frame 1015 at timestamp 101.40sec (74%)"
"2","Adding frame 1016 at timestamp 101.30sec (74%)"
"2","Adding frame 1017 at timestamp 101.50sec (74%)"
"2","Adding frame 1018 at timestamp 102.00sec (74%)"
"2","Adding frame 1019 at timestamp 101.80sec (74%)"
"2","Adding frame 1020 at timestamp 101.70sec (74%)"
"2","Adding frame 1021 at timestamp 101.90sec (74%)"
"2","Adding frame 1022 at timestamp 102.20sec (74%)"
"2","Adding frame 1023 at timestamp 102.10sec (74%)"
"2","Adding frame 1024 at timestamp 102.60sec (74%)"
"2","Adding frame 1025 at timestamp 102.40sec (74%)"
"2","Adding frame 1026 at timestamp 102.30sec (74%)"
"2","Adding frame 1027 at timestamp 102.50sec (74%)"
"2","Adding frame 1028 at timestamp 103.00sec (74%)"
"2","Adding frame 1029 at timestamp 102.80sec (74%)"
"2","Adding frame 1030 at timestamp 102.70sec (74%)"
"2","Adding frame 1031 at timestamp 102.90sec (74%)"
"2","Adding frame 1032 at timestamp 103.40sec (74%)"
"2","Adding frame 1033 at timestamp 103.20sec (74%)"
"2","Adding frame 1034 at timestamp 103.10sec (74%)"
"2","Adding frame 1035 at timestamp 103.30sec (74%)"
"2","Adding frame 1036 at timestamp 103.80sec (74%)"
"2","Adding frame 1037 at timestamp 103.60sec (74%)"
"2","Adding frame 1038 at timestamp 103.50sec (74%)"
"2","Adding frame 1039 at timestamp 103.70sec (74%)"
"2","Adding frame 1040 at timestamp 104.20sec (74%)"
"2","Adding frame 1041 at timestamp 104.00sec (74%)"
"2","Adding frame 1042 at timestamp 103.90sec (74%)"
"2","Adding frame 1043 at timestamp 104.10sec (74%)"
"2","Adding frame 1044 at timestamp 104.60sec (74%)"
"2","Adding frame 1045 at timestamp 104.40sec (76%)"
"2","Adding frame 1046 at timestamp 104.30sec (76%)"
"2","Adding frame 1047 at timestamp 104.50sec (76%)"
"2","Adding frame 1048 at timestamp 105.00sec (76%)"
"2","Adding frame 1049 at timestamp 104.80sec (76%)"
"2","Adding frame 1050 at timestamp 104.70sec (76%)"
"2","Adding frame 1051 at timestamp 104.90sec (76%)"
"2","Adding frame 1052 at timestamp 105.20sec (76%)"
"2","Adding frame 1053 at timestamp 105.10sec (76%)"
"2","Adding frame 1054 at timestamp 105.60sec (76%)"
"2","Adding frame 1055 at timestamp 105.40sec (76%)"
"2","Adding frame 1056 at timestamp 105.30sec (76%)"
"2","Adding frame 1057 at timestamp 105.50sec (76%)"
"2","Adding frame 1058 at timestamp 106.00sec (76%)"
"2","Adding frame 1059 at timestamp 105.80sec (76%)"
"2","Adding frame 1060 at timestamp 105.70sec (76%)"
"2","Adding frame 1061 at timestamp 105.90sec (76%)"
"2","Adding frame 1062 at timestamp 106.40sec (76%)"
"2","Adding frame 1063 at timestamp 106.20sec (76%)"
"2","Adding frame 1064 at timestamp 106.10sec (76%)"
"2","Adding frame 1065 at timestamp 106.30sec (76%)"
"2","Adding frame 1066 at timestamp 106.80sec (76%)"
"2","Adding frame 1067 at timestamp 106.60sec (76%)"
"2","Adding frame 1068 at timestamp 106.50sec (76%)"
"2","Adding frame 1069 at timestamp 106.70sec (76%)"
"2","Adding frame 1070 at timestamp 107.20sec (76%)"
"2","Adding frame 1071 at timestamp 107.00sec (76%)"
"2","Adding frame 1072 at timestamp 106.90sec (76%)"
"2","Adding frame 1073 at timestamp 107.10sec (76%)"
"2","Adding frame 1074 at timestamp 107.60sec (76%)"
"2","Adding frame 1075 at timestamp 107.40sec (78%)"
"2","Adding frame 1076 at timestamp 107.30sec (78%)"
"2","Adding frame 1077 at timestamp 107.50sec (78%)"
"2","Adding frame 1078 at timestamp 108.00sec (78%)"
"2","Adding frame 1079 at timestamp 107.80sec (78%)"
"2","Adding frame 1080 at timestamp 107.70sec (78%)"
"2","Adding frame 1081 at timestamp 107.90sec (78%)"
"2","Adding frame 1082 at timestamp 108.20sec (78%)"
"2","Adding frame 1083 at timestamp 108.10sec (78%)"
"2","Adding frame 1084 at timestamp 108.60sec (78%)"
"2","Adding frame 1085 at timestamp 108.40sec (78%)"
"2","Adding frame 1086 at timestamp 108.30sec (78%)"
"2","Adding frame 1087 at timestamp 108.50sec (78%)"
"2","Adding frame 1088 at timestamp 109.00sec (78%)"
"2","Adding frame 1089 at timestamp 108.80sec (78%)"
"2","Adding frame 1090 at timestamp 108.70sec (78%)"
"2","Adding frame 1091 at timestamp 108.90sec (78%)"
"2","Adding frame 1092 at timestamp 109.40sec (78%)"
"2","Adding frame 1093 at timestamp 109.20sec (78%)"
"2","Adding frame 1094 at timestamp 109.10sec (78%)"
"2","Adding frame 1095 at timestamp 109.30sec (78%)"
"2","Adding frame 1096 at timestamp 109.80sec (78%)"
"2","Adding frame 1097 at timestamp 109.60sec (78%)"
"2","Adding frame 1098 at timestamp 109.50sec (78%)"
"2","Adding frame 1099 at timestamp 109.70sec (78%)"
"2","Adding frame 1100 at timestamp 110.20sec (78%)"
"2","Adding frame 1101 at timestamp 110.00sec (78%)"
"2","Adding frame 1102 at timestamp 109.90sec (78%)"
"2","Adding frame 1103 at timestamp 110.10sec (78%)"
"2","Adding frame 1104 at timestamp 110.60sec (78%)"
"2","Adding frame 1105 at timestamp 110.40sec (80%)"
"2","Adding frame 1106 at timestamp 110.30sec (80%)"
"2","Adding frame 1107 at timestamp 110.50sec (80%)"
"2","Adding frame 1108 at timestamp 111.00sec (80%)"
"2","Adding frame 1109 at timestamp 110.80sec (80%)"
"2","Adding frame 1110 at timestamp 110.70sec (80%)"
"2","Adding frame 1111 at timestamp 110.90sec (80%)"
"2","Adding frame 1112 at timestamp 111.40sec (80%)"
"2","Adding frame 1113 at timestamp 111.20sec (80%)"
"2","Adding frame 1114 at timestamp 111.10sec (80%)"
"2","Adding frame 1115 at timestamp 111.30sec (80%)"
"2","Adding frame 1116 at timestamp 111.80sec (80%)"
"2","Adding frame 1117 at timestamp 111.60sec (80%)"
"2","Adding frame 1118 at timestamp 111.50sec (80%)"
"2","Adding frame 1119 at timestamp 111.70sec (80%)"
"2","Adding frame 1120 at timestamp 112.20sec (80%)"
"2","Adding frame 1121 at timestamp 112.00sec (80%)"
"2","Adding frame 1122 at timestamp 111.90sec (80%)"
"2","Adding frame 1123 at timestamp 112.10sec (80%)"
"2","Adding frame 1124 at timestamp 112.60sec (80%)"
"2","Adding frame 1125 at timestamp 112.40sec (80%)"
"2","Adding frame 1126 at timestamp 112.30sec (80%)"
"2","Adding frame 1127 at timestamp 112.50sec (80%)"
"2","Adding frame 1128 at timestamp 113.00sec (80%)"
"2","Adding frame 1129 at timestamp 112.80sec (80%)"
"2","Adding frame 1130 at timestamp 112.70sec (80%)"
"2","Adding frame 1131 at timestamp 112.90sec (80%)"
"2","Adding frame 1132 at timestamp 113.40sec (80%)"
"2","Adding frame 1133 at timestamp 113.20sec (80%)"
"2","Adding frame 1134 at timestamp 113.10sec (80%)"
"2","Adding frame 1135 at timestamp 113.30sec (82%)"
"2","Adding frame 1136 at timestamp 113.80sec (82%)"
"2","Adding frame 1137 at timestamp 113.60sec (82%)"
"2","Adding frame 1138 at timestamp 113.50sec (82%)"
"2","Adding frame 1139 at timestamp 113.70sec (82%)"
"2","Adding frame 1140 at timestamp 114.20sec (82%)"
"2","Adding frame 1141 at timestamp 114.00sec (82%)"
"2","Adding frame 1142 at timestamp 113.90sec (82%)"
"2","Adding frame 1143 at timestamp 114.10sec (82%)"
"2","Adding frame 1144 at timestamp 114.60sec (82%)"
"2","Adding frame 1145 at timestamp 114.40sec (82%)"
"2","Adding frame 1146 at timestamp 114.30sec (82%)"
"2","Adding frame 1147 at timestamp 114.50sec (82%)"
"2","Adding frame 1148 at timestamp 115.00sec (82%)"
"2","Adding frame 1149 at timestamp 114.80sec (82%)"
"2","Adding frame 1150 at timestamp 114.70sec (82%)"
"2","Adding frame 1151 at timestamp 114.90sec (82%)"
"2","Adding frame 1152 at timestamp 115.40sec (82%)"
"2","Adding frame 1153 at timestamp 115.20sec (82%)"
"2","Adding frame 1154 at timestamp 115.10sec (82%)"
"2","Adding frame 1155 at timestamp 115.30sec (82%)"
"2","Adding frame 1156 at timestamp 115.80sec (82%)"
"2","Adding frame 1157 at timestamp 115.60sec (82%)"
"2","Adding frame 1158 at timestamp 115.50sec (82%)"
"2","Adding frame 1159 at timestamp 115.70sec (82%)"
"2","Adding frame 1160 at timestamp 116.20sec (82%)"
"2","Adding frame 1161 at timestamp 116.00sec (82%)"
"2","Adding frame 1162 at timestamp 115.90sec (82%)"
"2","Adding frame 1163 at timestamp 116.10sec (82%)"
"2","Adding frame 1164 at timestamp 116.60sec (82%)"
"2","Adding frame 1165 at timestamp 116.40sec (84%)"
"2","Adding frame 1166 at timestamp 116.30sec (84%)"
"2","Adding frame 1167 at timestamp 116.50sec (84%)"
"2","Adding frame 1168 at timestamp 117.00sec (84%)"
"2","Adding frame 1169 at timestamp 116.80sec (84%)"
"2","Adding frame 1170 at timestamp 116.70sec (84%)"
"2","Adding frame 1171 at timestamp 116.90sec (84%)"
"2","Adding frame 1172 at timestamp 117.20sec (84%)"
"2","Adding frame 1173 at timestamp 117.10sec (84%)"
"2","Adding frame 1174 at timestamp 117.60sec (84%)"
"2","Adding frame 1175 at timestamp 117.40sec (84%)"
"2","Adding frame 1176 at timestamp 117.30sec (84%)"
"2","Adding frame 1177 at timestamp 117.50sec (84%)"
"2","Adding frame 1178 at timestamp 118.00sec (84%)"
"2","Adding frame 1179 at timestamp 117.80sec (84%)"
"2","Adding frame 1180 at timestamp 117.70sec (84%)"
"2","Adding frame 1181 at timestamp 117.90sec (84%)"
"2","Adding frame 1182 at timestamp 118.40sec (84%)"
"2","Adding frame 1183 at timestamp 118.20sec (84%)"
"2","Adding frame 1184 at timestamp 118.10sec (84%)"
"2","Adding frame 1185 at timestamp 118.30sec (84%)"
"2","Adding frame 1186 at timestamp 118.80sec (84%)"
"2","Adding frame 1187 at timestamp 118.60sec (84%)"
"2","Adding frame 1188 at timestamp 118.50sec (84%)"
"2","Adding frame 1189 at timestamp 118.70sec (84%)"
"2","Adding frame 1190 at timestamp 119.20sec (84%)"
"2","Adding frame 1191 at timestamp 119.00sec (84%)"
"2","Adding frame 1192 at timestamp 118.90sec (84%)"
"2","Adding frame 1193 at timestamp 119.10sec (84%)"
"2","Adding frame 1194 at timestamp 119.60sec (84%)"
"2","Adding frame 1195 at timestamp 119.40sec (86%)"
"2","Adding frame 1196 at timestamp 119.30sec (86%)"
"2","Adding frame 1197 at timestamp 119.50sec (86%)"
"2","Adding frame 1198 at timestamp 120.00sec (86%)"
"2","Adding frame 1199 at timestamp 119.80sec (86%)"
"2","Adding frame 1200 at timestamp 119.70sec (86%)"
"2","Adding frame 1201 at timestamp 119.90sec (86%)"
"2","Adding frame 1202 at timestamp 120.40sec (86%)"
"2","Adding frame 1203 at timestamp 120.20sec (86%)"
"2","Adding frame 1204 at timestamp 120.10sec (86%)"
"2","Adding frame 1205 at timestamp 120.30sec (86%)"
"2","Adding frame 1206 at timestamp 120.80sec (86%)"
"2","Adding frame 1207 at timestamp 120.60sec (86%)"
"2","Adding frame 1208 at timestamp 120.50sec (86%)"
"2","Adding frame 1209 at timestamp 120.70sec (86%)"
"2","Adding frame 1210 at timestamp 121.20sec (86%)"
"2","Adding frame 1211 at timestamp 121.00sec (86%)"
"2","Adding frame 1212 at timestamp 120.90sec (86%)"
"2","Adding frame 1213 at timestamp 121.10sec (86%)"
"2","Adding frame 1214 at timestamp 121.60sec (86%)"
"2","Adding frame 1215 at timestamp 121.40sec (86%)"
"2","Adding frame 1216 at timestamp 121.30sec (86%)"
"2","Adding frame 1217 at timestamp 121.50sec (86%)"
"2","Adding frame 1218 at timestamp 122.00sec (86%)"
"2","Adding frame 1219 at timestamp 121.80sec (86%)"
"2","Adding frame 1220 at timestamp 121.70sec (86%)"
"2","Adding frame 1221 at timestamp 121.90sec (86%)"
"2","Adding frame 1222 at timestamp 122.40sec (86%)"
"2","Adding frame 1223 at timestamp 122.20sec (86%)"
"2","Adding frame 1224 at timestamp 122.10sec (86%)"
"2","Adding frame 1225 at timestamp 122.30sec (88%)"
"2","Adding frame 1226 at timestamp 122.80sec (88%)"
"2","Adding frame 1227 at timestamp 122.60sec (88%)"
"2","Adding frame 1228 at timestamp 122.50sec (88%)"
"2","Adding frame 1229 at timestamp 122.70sec (88%)"
"2","Adding frame 1230 at timestamp 123.20sec (88%)"
"2","Adding frame 1231 at timestamp 123.00sec (88%)"
"2","Adding frame 1232 at timestamp 122.90sec (88%)"
"2","Adding frame 1233 at timestamp 123.10sec (88%)"
"2","Adding frame 1234 at timestamp 123.60sec (88%)"
"2","Adding frame 1235 at timestamp 123.40sec (88%)"
"2","Adding frame 1236 at timestamp 123.30sec (88%)"
"2","Adding frame 1237 at timestamp 123.50sec (88%)"
"2","Adding frame 1238 at timestamp 124.00sec (88%)"
"2","Adding frame 1239 at timestamp 123.80sec (88%)"
"2","Adding frame 1240 at timestamp 123.70sec (88%)"
"2","Adding frame 1241 at timestamp 123.90sec (88%)"
"2","Adding frame 1242 at timestamp 124.40sec (88%)"
"2","Adding frame 1243 at timestamp 124.20sec (88%)"
"2","Adding frame 1244 at timestamp 124.10sec (88%)"
"2","Adding frame 1245 at timestamp 124.30sec (88%)"
"2","Adding frame 1246 at timestamp 124.80sec (88%)"
"2","Adding frame 1247 at timestamp 124.60sec (88%)"
"2","Adding frame 1248 at timestamp 124.50sec (88%)"
"2","Adding frame 1249 at timestamp 124.70sec (88%)"
"2","Adding frame 1250 at timestamp 124.90sec (88%)"
"2","Adding frame 1251 at timestamp 125.00sec (88%)"
"2","Adding frame 1252 at timestamp 125.40sec (88%)"
"2","Adding frame 1253 at timestamp 125.20sec (88%)"
"2","Adding frame 1254 at timestamp 125.10sec (88%)"
"2","Adding frame 1255 at timestamp 125.30sec (90%)"
"2","Adding frame 1256 at timestamp 125.80sec (90%)"
"2","Adding frame 1257 at timestamp 125.60sec (90%)"
"2","Adding frame 1258 at timestamp 125.50sec (90%)"
"2","Adding frame 1259 at timestamp 125.70sec (90%)"
"2","Adding frame 1260 at timestamp 126.20sec (90%)"
"2","Adding frame 1261 at timestamp 126.00sec (90%)"
"2","Adding frame 1262 at timestamp 125.90sec (90%)"
"2","Adding frame 1263 at timestamp 126.10sec (90%)"
"2","Adding frame 1264 at timestamp 126.60sec (90%)"
"2","Adding frame 1265 at timestamp 126.40sec (90%)"
"2","Adding frame 1266 at timestamp 126.30sec (90%)"
"2","Adding frame 1267 at timestamp 126.50sec (90%)"
"2","Adding frame 1268 at timestamp 127.00sec (90%)"
"2","Adding frame 1269 at timestamp 126.80sec (90%)"
"2","Adding frame 1270 at timestamp 126.70sec (90%)"
"2","Adding frame 1271 at timestamp 126.90sec (90%)"
"2","Adding frame 1272 at timestamp 127.40sec (90%)"
"2","Adding frame 1273 at timestamp 127.20sec (90%)"
"2","Adding frame 1274 at timestamp 127.10sec (90%)"
"2","Adding frame 1275 at timestamp 127.30sec (90%)"
"2","Adding frame 1276 at timestamp 127.80sec (90%)"
"2","Adding frame 1277 at timestamp 127.60sec (90%)"
"2","Adding frame 1278 at timestamp 127.50sec (90%)"
"2","Adding frame 1279 at timestamp 127.70sec (90%)"
"2","Adding frame 1280 at timestamp 128.20sec (90%)"
"2","Adding frame 1281 at timestamp 128.00sec (90%)"
"2","Adding frame 1282 at timestamp 127.90sec (90%)"
"2","Adding frame 1283 at timestamp 128.10sec (90%)"
"2","Adding frame 1284 at timestamp 128.60sec (90%)"
"2","Adding frame 1285 at timestamp 128.40sec (92%)"
"2","Adding frame 1286 at timestamp 128.30sec (92%)"
"2","Adding frame 1287 at timestamp 128.50sec (92%)"
"2","Adding frame 1288 at timestamp 129.00sec (92%)"
"2","Adding frame 1289 at timestamp 128.80sec (92%)"
"2","Adding frame 1290 at timestamp 128.70sec (92%)"
"2","Adding frame 1291 at timestamp 128.90sec (92%)"
"2","Adding frame 1292 at timestamp 129.20sec (92%)"
"2","Adding frame 1293 at timestamp 129.10sec (92%)"
"2","Adding frame 1294 at timestamp 129.60sec (92%)"
"2","Adding frame 1295 at timestamp 129.40sec (92%)"
"2","Adding frame 1296 at timestamp 129.30sec (92%)"
"2","Adding frame 1297 at timestamp 129.50sec (92%)"
"2","Adding frame 1298 at timestamp 130.00sec (92%)"
"2","Adding frame 1299 at timestamp 129.80sec (92%)"
"2","Adding frame 1300 at timestamp 129.70sec (92%)"
"2","Adding frame 1301 at timestamp 129.90sec (92%)"
"2","Adding frame 1302 at timestamp 130.40sec (92%)"
"2","Adding frame 1303 at timestamp 130.20sec (92%)"
"2","Adding frame 1304 at timestamp 130.10sec (92%)"
"2","Adding frame 1305 at timestamp 130.30sec (92%)"
"2","Adding frame 1306 at timestamp 130.80sec (92%)"
"2","Adding frame 1307 at timestamp 130.60sec (92%)"
"2","Adding frame 1308 at timestamp 130.50sec (92%)"
"2","Adding frame 1309 at timestamp 130.70sec (92%)"
"2","Adding frame 1310 at timestamp 131.20sec (92%)"
"2","Adding frame 1311 at timestamp 131.00sec (92%)"
"2","Adding frame 1312 at timestamp 130.90sec (92%)"
"2","Adding frame 1313 at timestamp 131.10sec (92%)"
"2","Adding frame 1314 at timestamp 131.60sec (92%)"
"2","Adding frame 1315 at timestamp 131.40sec (94%)"
"2","Adding frame 1316 at timestamp 131.30sec (94%)"
"2","Adding frame 1317 at timestamp 131.50sec (94%)"
"2","Adding frame 1318 at timestamp 132.00sec (94%)"
"2","Adding frame 1319 at timestamp 131.80sec (94%)"
"2","Adding frame 1320 at timestamp 131.70sec (94%)"
"2","Adding frame 1321 at timestamp 131.90sec (94%)"
"2","Adding frame 1322 at timestamp 132.20sec (94%)"
"2","Adding frame 1323 at timestamp 132.10sec (94%)"
"2","Adding frame 1324 at timestamp 132.60sec (94%)"
"2","Adding frame 1325 at timestamp 132.40sec (94%)"
"2","Adding frame 1326 at timestamp 132.30sec (94%)"
"2","Adding frame 1327 at timestamp 132.50sec (94%)"
"2","Adding frame 1328 at timestamp 133.00sec (94%)"
"2","Adding frame 1329 at timestamp 132.80sec (94%)"
"2","Adding frame 1330 at timestamp 132.70sec (94%)"
"2","Adding frame 1331 at timestamp 132.90sec (94%)"
"2","Adding frame 1332 at timestamp 133.40sec (94%)"
"2","Adding frame 1333 at timestamp 133.20sec (94%)"
"2","Adding frame 1334 at timestamp 133.10sec (94%)"
"2","Adding frame 1335 at timestamp 133.30sec (94%)"
"2","Adding frame 1336 at timestamp 133.80sec (94%)"
"2","Adding frame 1337 at timestamp 133.60sec (94%)"
"2","Adding frame 1338 at timestamp 133.50sec (94%)"
"2","Adding frame 1339 at timestamp 133.70sec (94%)"
"2","Adding frame 1340 at timestamp 134.20sec (94%)"
"2","Adding frame 1341 at timestamp 134.00sec (94%)"
"2","Adding frame 1342 at timestamp 133.90sec (94%)"
"2","Adding frame 1343 at timestamp 134.10sec (94%)"
"2","Adding frame 1344 at timestamp 134.60sec (94%)"
"2","Adding frame 1345 at timestamp 134.40sec (96%)"
"2","Adding frame 1346 at timestamp 134.30sec (96%)"
"2","Adding frame 1347 at timestamp 134.50sec (96%)"
"2","Adding frame 1348 at timestamp 135.00sec (96%)"
"2","Adding frame 1349 at timestamp 134.80sec (96%)"
"2","Adding frame 1350 at timestamp 134.70sec (96%)"
"2","Adding frame 1351 at timestamp 134.90sec (96%)"
"2","Adding frame 1352 at timestamp 135.20sec (96%)"
"2","Adding frame 1353 at timestamp 135.10sec (96%)"
"2","Adding frame 1354 at timestamp 135.60sec (96%)"
"2","Adding frame 1355 at timestamp 135.40sec (96%)"
"2","Adding frame 1356 at timestamp 135.30sec (96%)"
"2","Adding frame 1357 at timestamp 135.50sec (96%)"
"2","Adding frame 1358 at timestamp 136.00sec (96%)"
"2","Adding frame 1359 at timestamp 135.80sec (96%)"
"2","Adding frame 1360 at timestamp 135.70sec (96%)"
"2","Adding frame 1361 at timestamp 135.90sec (96%)"
"2","Adding frame 1362 at timestamp 136.40sec (96%)"
"2","Adding frame 1363 at timestamp 136.20sec (96%)"
"2","Adding frame 1364 at timestamp 136.10sec (96%)"
"2","Adding frame 1365 at timestamp 136.30sec (96%)"
"2","Adding frame 1366 at timestamp 136.80sec (96%)"
"2","Adding frame 1367 at timestamp 136.60sec (96%)"
"2","Adding frame 1368 at timestamp 136.50sec (96%)"
"2","Adding frame 1369 at timestamp 136.70sec (96%)"
"2","Adding frame 1370 at timestamp 137.20sec (96%)"
"2","Adding frame 1371 at timestamp 137.00sec (96%)"
"2","Adding frame 1372 at timestamp 136.90sec (96%)"
"2","Adding frame 1373 at timestamp 137.10sec (96%)"
"2","Adding frame 1374 at timestamp 137.60sec (96%)"
"2","Adding frame 1375 at timestamp 137.40sec (98%)"
"2","Adding frame 1376 at timestamp 137.30sec (98%)"
"2","Adding frame 1377 at timestamp 137.50sec (98%)"
"2","Adding frame 1378 at timestamp 138.00sec (98%)"
"2","Adding frame 1379 at timestamp 137.80sec (98%)"
"2","Adding frame 1380 at timestamp 137.70sec (98%)"
"2","Adding frame 1381 at timestamp 137.90sec (98%)"
"2","Adding frame 1382 at timestamp 138.20sec (98%)"
"2","Adding frame 1383 at timestamp 138.10sec (98%)"
"2","Adding frame 1384 at timestamp 138.60sec (98%)"
"2","Adding frame 1385 at timestamp 138.40sec (98%)"
"2","Adding frame 1386 at timestamp 138.30sec (98%)"
"2","Adding frame 1387 at timestamp 138.50sec (98%)"
"2","Adding frame 1388 at timestamp 139.00sec (98%)"
"2","Adding frame 1389 at timestamp 138.80sec (98%)"
"2","Adding frame 1390 at timestamp 138.70sec (98%)"
"2","Adding frame 1391 at timestamp 138.90sec (98%)"
"2","Adding frame 1392 at timestamp 139.40sec (98%)"
"2","Adding frame 1393 at timestamp 139.20sec (98%)"
"2","Adding frame 1394 at timestamp 139.10sec (98%)"
"2","Adding frame 1395 at timestamp 139.30sec (98%)"
"2","Adding frame 1396 at timestamp 139.80sec (98%)"
"2","Adding frame 1397 at timestamp 139.60sec (98%)"
"2","Adding frame 1398 at timestamp 139.50sec (98%)"
"2","Adding frame 1399 at timestamp 139.70sec (98%)"
"2","Adding frame 1400 at timestamp 140.20sec (98%)"
"2","Adding frame 1401 at timestamp 140.00sec (98%)"
"2","Adding frame 1402 at timestamp 139.90sec (98%)"
"2","Adding frame 1403 at timestamp 140.10sec (98%)"
"2","Adding frame 1404 at timestamp 140.60sec (98%)"
"2","Adding frame 1405 at timestamp 140.40sec (98%)"
"2","Adding frame 1406 at timestamp 140.30sec (98%)"
"2","Adding frame 1407 at timestamp 140.50sec (98%)"
"2","Adding frame 1408 at timestamp 141.00sec (98%)"
"2","Adding frame 1409 at timestamp 140.80sec (98%)"
"2","Adding frame 1410 at timestamp 140.70sec (98%)"
"2","Adding frame 1411 at timestamp 140.90sec (98%)"
"2","Adding frame 1412 at timestamp 141.20sec (98%)"
"2","Adding frame 1413 at timestamp 141.10sec (98%)"
"2","Adding frame 1414 at timestamp 141.60sec (98%)"
"2","Adding frame 1415 at timestamp 141.40sec (98%)"
"2","Adding frame 1416 at timestamp 141.30sec (98%)"
"2","Adding frame 1417 at timestamp 141.50sec (98%)"
"2","Adding frame 1418 at timestamp 142.00sec (98%)"
"2","Adding frame 1419 at timestamp 141.80sec (98%)"
"2","Adding frame 1420 at timestamp 141.70sec (98%)"
"2","Adding frame 1421 at timestamp 141.90sec (98%)"
"2","Adding frame 1422 at timestamp 142.40sec (98%)"
"2","Adding frame 1423 at timestamp 142.20sec (98%)"
"2","Adding frame 1424 at timestamp 142.10sec (98%)"
"2","Adding frame 1425 at timestamp 142.30sec (98%)"
"2","Adding frame 1426 at timestamp 142.80sec (98%)"
"2","Adding frame 1427 at timestamp 142.60sec (98%)"
"2","Adding frame 1428 at timestamp 142.50sec (98%)"
"2","Adding frame 1429 at timestamp 142.70sec (98%)"
"2","Adding frame 1430 at timestamp 143.20sec (98%)"
"2","Adding frame 1431 at timestamp 143.00sec (98%)"
"2","Adding frame 1432 at timestamp 142.90sec (98%)"
"2","Adding frame 1433 at timestamp 143.10sec (98%)"
"2","Adding frame 1434 at timestamp 143.60sec (98%)"
"2","Adding frame 1435 at timestamp 143.40sec (98%)"
"2","Adding frame 1436 at timestamp 143.30sec (98%)"
"2","Adding frame 1437 at timestamp 143.50sec (98%)"
"2","Adding frame 1438 at timestamp 144.00sec (98%)"
"2","Adding frame 1439 at timestamp 143.80sec (98%)"
"2","Adding frame 1440 at timestamp 143.70sec (98%)"
"2","Adding frame 1441 at timestamp 143.90sec (98%)"
"2","Adding frame 1442 at timestamp 144.20sec (98%)"
"2","Adding frame 1443 at timestamp 144.10sec (98%)"
"2","Adding frame 1444 at timestamp 144.60sec (98%)"
"2","Adding frame 1445 at timestamp 144.40sec (98%)"
"2","Adding frame 1446 at timestamp 144.30sec (98%)"
"2","Adding frame 1447 at timestamp 144.50sec (98%)"
"2","Adding frame 1448 at timestamp 145.00sec (98%)"
"2","Adding frame 1449 at timestamp 144.80sec (98%)"
"2","Adding frame 1450 at timestamp 144.70sec (98%)"
"2","Adding frame 1451 at timestamp 144.90sec (98%)"
"2","Adding frame 1452 at timestamp 145.40sec (98%)"
"2","Adding frame 1453 at timestamp 145.20sec (98%)"
"2","Adding frame 1454 at timestamp 145.10sec (98%)"
"2","Adding frame 1455 at timestamp 145.30sec (98%)"
"2","Adding frame 1456 at timestamp 145.80sec (98%)"
"2","Adding frame 1457 at timestamp 145.60sec (98%)"
"2","Adding frame 1458 at timestamp 145.50sec (98%)"
"2","Adding frame 1459 at timestamp 145.70sec (98%)"
"2","Adding frame 1460 at timestamp 146.20sec (98%)"
"2","Adding frame 1461 at timestamp 146.00sec (98%)"
"2","Adding frame 1462 at timestamp 145.90sec (98%)"
"2","Adding frame 1463 at timestamp 146.10sec (98%)"
"2","Adding frame 1464 at timestamp 146.60sec (98%)"
"2","Adding frame 1465 at timestamp 146.40sec (98%)"
"2","Adding frame 1466 at timestamp 146.30sec (98%)"
"2","Adding frame 1467 at timestamp 146.50sec (98%)"
"2","Adding frame 1468 at timestamp 147.00sec (98%)"
"2","Adding frame 1469 at timestamp 146.80sec (98%)"
"2","Adding frame 1470 at timestamp 146.70sec (98%)"
"2","Adding frame 1471 at timestamp 146.90sec (98%)"
"2","Adding frame 1472 at timestamp 147.40sec (98%)"
"2","Adding frame 1473 at timestamp 147.20sec (98%)"
"2","Adding frame 1474 at timestamp 147.10sec (98%)"
"2","Adding frame 1475 at timestamp 147.30sec (98%)"
"2","Adding frame 1476 at timestamp 147.80sec (98%)"
"2","Adding frame 1477 at timestamp 147.60sec (98%)"
"2","Adding frame 1478 at timestamp 147.50sec (98%)"
"2","Adding frame 1479 at timestamp 147.70sec (98%)"
"2","Adding frame 1480 at timestamp 148.20sec (98%)"
"2","Adding frame 1481 at timestamp 148.00sec (98%)"
"2","Adding frame 1482 at timestamp 147.90sec (98%)"
"2","Adding frame 1483 at timestamp 148.10sec (98%)"
"2","Adding frame 1484 at timestamp 148.60sec (98%)"
"2","Adding frame 1485 at timestamp 148.40sec (98%)"
"2","Adding frame 1486 at timestamp 148.30sec (98%)"
"2","Adding frame 1487 at timestamp 148.50sec (98%)"
"2","Adding frame 1488 at timestamp 149.00sec (98%)"
"2","Adding frame 1489 at timestamp 148.80sec (98%)"
"2","Adding frame 1490 at timestamp 148.70sec (98%)"
"2","Adding frame 1491 at timestamp 148.90sec (98%)"
"2","Adding frame 1492 at timestamp 149.40sec (98%)"
"2","Adding frame 1493 at timestamp 149.20sec (98%)"
"2","Adding frame 1494 at timestamp 149.10sec (98%)"
"2","Adding frame 1495 at timestamp 149.30sec (98%)"
"2","Adding frame 1496 at timestamp 149.80sec (98%)"
"2","Adding frame 1497 at timestamp 149.60sec (98%)"
"2","Adding frame 1498 at timestamp 149.50sec (98%)"
"2","Adding frame 1499 at timestamp 149.70sec (98%)"
"2","Adding frame 1500 at timestamp 149.90sec (98%)"
"2","Adding frame 1501 at timestamp 150.00sec (98%)"
"2","Adding frame 1502 at timestamp 150.40sec (98%)"
"2","Adding frame 1503 at timestamp 150.20sec (98%)"
"2","Adding frame 1504 at timestamp 150.10sec (98%)"
"2","Adding frame 1505 at timestamp 150.30sec (98%)"
"2","Adding frame 1506 at timestamp 150.80sec (98%)"
"2","Adding frame 1507 at timestamp 150.60sec (98%)"
"2","Adding frame 1508 at timestamp 150.50sec (98%)"
"2","Adding frame 1509 at timestamp 150.70sec (98%)"
"2","Adding frame 1510 at timestamp 151.20sec (98%)"
"2","Adding frame 1511 at timestamp 151.00sec (98%)"
"2","Adding frame 1512 at timestamp 150.90sec (98%)"
"2","Adding frame 1513 at timestamp 151.10sec (98%)"
"2","Adding frame 1514 at timestamp 151.60sec (98%)"
"2","Adding frame 1515 at timestamp 151.40sec (98%)"
"2","Adding frame 1516 at timestamp 151.30sec (98%)"
"2","Adding frame 1517 at timestamp 151.50sec (98%)"
"2","Adding frame 1518 at timestamp 152.00sec (98%)"
"2","Adding frame 1519 at timestamp 151.80sec (98%)"
"2","Adding frame 1520 at timestamp 151.70sec (98%)"
"2","Adding frame 1521 at timestamp 151.90sec (98%)"
"2","Adding frame 1522 at timestamp 152.40sec (98%)"
"2","Adding frame 1523 at timestamp 152.20sec (98%)"
"2","Adding frame 1524 at timestamp 152.10sec (98%)"
"2","Adding frame 1525 at timestamp 152.30sec (98%)"
"2","Adding frame 1526 at timestamp 152.80sec (98%)"
"2","Adding frame 1527 at timestamp 152.60sec (98%)"
"2","Adding frame 1528 at timestamp 152.50sec (98%)"
"2","Adding frame 1529 at timestamp 152.70sec (98%)"
"2","Adding frame 1530 at timestamp 152.90sec (98%)"
"2"," - video stream completed!
"
"2","frame I:7     Avg QP: 7.20  size: 24403
"
"2","frame P:394   Avg QP:16.09  size:  1050
"
"2","frame B:1129  Avg QP:10.86  size:    48
"
"2","consecutive B-frames:  0.7%  2.6%  0.8% 95.9%
"
"2","mb I  I16..4: 63.7% 11.1% 25.1%
"
"2","mb P  I16..4:  0.0%  0.1%  0.2%  P16..4:  1.2%  0.2%  0.2%  0.0%  0.0%    skip:98.1%
"
"2","mb B  I16..4:  0.0%  0.0%  0.0%  B16..8:  0.8%  0.0%  0.0%  direct: 0.0%  skip:99.2%  L0:68.4% L1:31.4% BI: 0.2%
"
"2","8x8 transform intra:13.6% inter:11.0%
"
"2","coded y,uvDC,uvAC intra: 27.9% 36.4% 34.6% inter: 0.2% 0.2% 0.2%
"
"2","i16 v,h,dc,p: 87%  8%  4%  0%
"
"2","i8 v,h,dc,ddl,ddr,vr,hd,vl,hu: 38% 16% 43%  0%  0%  0%  1%  0%  0%
"
"2","i4 v,h,dc,ddl,ddr,vr,hd,vl,hu: 48% 24% 18%  1%  2%  2%  2%  1%  2%
"
"2","i8c dc,h,v,p: 71%  8% 18%  3%
"
"2","Weighted P-Frames: Y:0.0% UV:0.0%
"
"2","ref P L0: 81.9%  8.5%  8.5%  1.1%
"
"2","ref B L0: 32.9% 63.8%  3.3%
"
"2","ref B L1: 99.2%  0.8%
"
"2","kb/s:33.37
"
"1","[1]"
"1"," ""D:\\Oldroyd_lab\\GitHub\\Tidy_Modeling\\sa_search.mp4"""
"1","
"
