"0","tidymodels_prefer(quiet = FALSE)"
"2","[conflicted] Will prefer agua::refit over any other package."
"2","[conflicted] Will prefer dials::Laplace over any other package."
"2","[conflicted] Will prefer dials::max_rules over any other package."
"2","[conflicted] Will prefer dials::neighbors over any other package."
"2","[conflicted] Will prefer dials::prune over any other package."
"2","[conflicted] Will prefer dials::smoothness over any other package."
"2","[conflicted] Will prefer dplyr::collapse over any other package."
"2","[conflicted] Will prefer dplyr::combine over any other package."
"2","[conflicted] Will prefer dplyr::filter over any other package."
"2","[conflicted] Will prefer dplyr::rename over any other package."
"2","[conflicted] Will prefer dplyr::select over any other package."
"2","[conflicted] Will prefer dplyr::slice over any other package."
"2","[conflicted] Will prefer ggplot2::`%+%` over any other package."
"2","[conflicted] Will prefer ggplot2::margin over any other package."
"2","[conflicted] Will prefer parsnip::bart over any other package."
"2","[conflicted] Will prefer parsnip::fit over any other package."
"2","[conflicted] Will prefer parsnip::mars over any other package."
"2","[conflicted] Will prefer parsnip::pls over any other package."
"2","[conflicted] Will prefer purrr::cross over any other package."
"2","[conflicted] Will prefer purrr::invoke over any other package."
"2","[conflicted] Will prefer purrr::map over any other package."
"2","[conflicted] Will prefer recipes::discretize over any other package."
"2","[conflicted] Will prefer recipes::step over any other package."
"2","[conflicted] Will prefer rsample::populate over any other package."
"2","[conflicted] Will prefer scales::rescale over any other package."
"2","[conflicted] Will prefer themis::step_downsample over any other package."
"2","[conflicted] Will prefer themis::step_upsample over any other package."
"2","[conflicted] Will prefer tidyr::expand over any other package."
"2","[conflicted] Will prefer tidyr::extract over any other package."
"2","[conflicted] Will prefer tidyr::pack over any other package."
"2","[conflicted] Will prefer tidyr::unpack over any other package."
"2","[conflicted] Will prefer tune::parameters over any other package."
"2","[conflicted] Will prefer tune::tune over any other package."
"2","[conflicted] Will prefer yardstick::get_weights over any other package."
"2","[conflicted] Will prefer yardstick::precision over any other package."
"2","[conflicted] Will prefer yardstick::recall over any other package."
"2","[conflicted] Will prefer yardstick::spec over any other package."
"2","[conflicted] Will prefer recipes::update over Matrix::update."
"2","[37mâ”€â”€ [1mConflicts[22m â”€â”€â”€â”€â”€â”€â”€â”€â”€â”€â”€â”€â”€â”€â”€â”€â”€â”€â”€â”€â”€â”€â”€â”€â”€â”€â”€â”€â”€â”€â”€â”€â”€â”€â”€â”€â”€â”€â”€â”€â”€â”€â”€â”€â”€â”€â”€â”€â”€â”€â”€â”€â”€â”€â”€â”€â”€â”€â”€â”€â”€â”€â”€â”€â”€â”€â”€â”€â”€â”€â”€â”€â”€â”€â”€â”€â”€â”€â”€â”€â”€â”€â”€â”€â”€â”€â”€â”€â”€â”€â”€â”€â”€â”€â”€â”€â”€â”€â”€â”€â”€â”€â”€â”€â”€â”€â”€â”€â”€â”€â”€â”€â”€â”€â”€â”€â”€â”€â”€ tidymodels_prefer() â”€â”€[39m
"
"2","[37m[39m
"
